#,Clip ID,Camera SN,Env,Region,S3 URL,Reviewer,Review Time,Label ID,Label L1,Label L2,Label L3,Label L4
409,1191435076978769920,6B2D88EX,api,us-east-1,s3://fleet.test/clip/2410311593904d3fbd364634b75f71d6/default/6B2D88EX/1191435076978769920/1280x1080/32768.mp4,qianjing.jia,2026-04-18 02:29:47,event_collision_01_02_001,Collision Detected,Collision - Non-Accident,Non-Accident Reverse (Docking/Coupling),
461,1191099751756627968,8B5041GY,api,us-east-1,s3://fleet.test/clip/268515b6e04e48e5838a3fcfed63d65c/default/8B5041GY/1191099751756627968/1280x1080/32768.mp4,qianjing.jia,2026-04-18 02:12:08,event_collision_01_02_001,Collision Detected,Collision - Non-Accident,Non-Accident Reverse (Docking/Coupling),
535,1025642866552242176,6B3054CG,api,us-east-1,s3://fleet.test/clip/c6329dff7db740a2848b9d34ca6bd7af/default/6B3054CG/1025642866552242176/1280x1080/32768.mp4,qianjing.jia,2026-04-18 01:42:09,event_collision_01_01_05_003,Collision Detected,Collision - Accident,Other Collision Accident,Liability Undetermined
547,1041829473764409344,8B5066L8,api,us-east-1,s3://fleet.test/clip/c6329dff7db740a2848b9d34ca6bd7af/default/8B5066L8/1041829473764409344/1280x1080/32768.mp4,qianjing.jia,2026-04-18 01:03:48,event_collision_01_01_09_003,Collision Detected,Collision - Accident,Vertical Curb Strike Collision,Liability Undetermined
564,1189584324148756480,6B303L5R,api,us-east-1,s3://fleet.test/clip/7199139d72264745a28294e21974b6f3/default/6B303L5R/1189584324148756480/1280x1080/32768.mp4,qianjing.jia,2026-04-18 00:47:44,event_collision_01_01_02_003,Collision Detected,Collision - Accident,Rear-End Collision,Liability Undetermined
664,1189749039961374720,8B5041FC,api,us-east-1,s3://fleet.test/clip/137605d3d9994bab86225422f3b7c964/default/8B5041FC/1189749039961374720/1280x1080/32768.mp4,qianjing.jia,2026-04-18 00:11:05,event_collision_01_02_001,Collision Detected,Collision - Non-Accident,Non-Accident Reverse (Docking/Coupling),
670,1189705739388747776,8B5041JE,api,us-east-1,s3://fleet.test/clip/137605d3d9994bab86225422f3b7c964/default/8B5041JE/1189705739388747776/1280x1080/32768.mp4,qianjing.jia,2026-04-18 00:07:22,event_collision_01_02_001,Collision Detected,Collision - Non-Accident,Non-Accident Reverse (Docking/Coupling),
684,1189641696766492672,8B5003CG,api,us-east-1,s3://fleet.test/clip/2410311593904d3fbd364634b75f71d6/default/8B5003CG/1189641696766492672/1920x1080/1.mp4,qianjing.jia,2026-04-18 00:03:59,event_collision_02_004,Non-Collision Detected,Turning Segment,,
808,1188924579083616256,8B5062E8,api,us-east-1,s3://fleet.test/clip/c6329dff7db740a2848b9d34ca6bd7af/default/8B5062E8/1188924579083616256/1280x1080/32768.mp4,qianjing.jia,2026-04-17 22:54:44,event_collision_01_01_07_003,Collision Detected,Collision - Accident,Vehicle Rollover,Liability Undetermined
841,1188846672449536000,8B5041PU,api,us-east-1,s3://fleet.test/clip/137605d3d9994bab86225422f3b7c964/default/8B5041PU/1188846672449536000/1280x1080/32768.mp4,qianjing.jia,2026-04-17 22:12:05,event_collision_01_02_001,Collision Detected,Collision - Non-Accident,Non-Accident Reverse (Docking/Coupling),
860,1188614853355536384,6B303L4K,api,us-east-1,s3://fleet.test/clip/7199139d72264745a28294e21974b6f3/default/6B303L4K/1188614853355536384/1280x1080/32768.mp4,tao.jiang,2026-04-17 22:04:33,event_collision_01_01_02_001,Collision Detected,Collision - Accident,Rear-End Collision,Active Collision (Own Liability)
966,1038809590441082880,8B40118S,api,us-east-1,s3://fleet.test/clip/c6329dff7db740a2848b9d34ca6bd7af/default/8B40118S/1038809590441082880/1280x1080/32768.mp4,qianjing.jia,2026-04-17 21:07:55,event_collision_01_01_03_003,Collision Detected,Collision - Accident,Side-Impact Collision,Liability Undetermined
967,1035534421215838208,8B50215T,api,us-east-1,s3://fleet.test/clip/c6329dff7db740a2848b9d34ca6bd7af/default/8B50215T/1035534421215838208/1280x1080/32768.mp4,qianjing.jia,2026-04-17 21:06:27,event_collision_01_01_04_003,Collision Detected,Collision - Accident,Severe Road Surface Variation,Liability Undetermined
968,1034856710130532352,8B4015C6,api,us-east-1,s3://fleet.test/clip/c6329dff7db740a2848b9d34ca6bd7af/default/8B4015C6/1034856710130532352/1280x1080/32768.mp4,qianjing.jia,2026-04-17 21:03:27,event_collision_01_01_04_001,Collision Detected,Collision - Accident,Severe Road Surface Variation,Active Collision (Own Liability)
969,1027058135883481088,8B5002AV,api,us-east-1,s3://fleet.test/clip/2410311593904d3fbd364634b75f71d6/default/8B5002AV/1027058135883481088/1280x1080/32768.mp4,qianjing.jia,2026-04-17 21:02:08,event_collision_01_01_06_003,Collision Detected,Collision - Accident,Head-On Collision,Liability Undetermined
970,1026859452999041024,8B506545,api,us-east-1,s3://fleet.test/clip/c6329dff7db740a2848b9d34ca6bd7af/default/8B506545/1026859452999041024/1280x1080/32768.mp4,qianjing.jia,2026-04-17 21:00:52,event_collision_01_01_04_003,Collision Detected,Collision - Accident,Severe Road Surface Variation,Liability Undetermined
971,1026587484643033088,8B50810V,api,us-east-1,s3://fleet.test/clip/c6329dff7db740a2848b9d34ca6bd7af/default/8B50810V/1026587484643033088/1280x1080/32768.mp4,qianjing.jia,2026-04-17 20:59:37,event_collision_01_01_04_001,Collision Detected,Collision - Accident,Severe Road Surface Variation,Active Collision (Own Liability)
973,1002622065641144320,8B5066J5,api,us-east-1,s3://fleet.test/clip/c6329dff7db740a2848b9d34ca6bd7af/default/8B5066J5/1002622065641144320/1280x1080/32768.mp4,qianjing.jia,2026-04-17 20:58:15,event_collision_01_01_05_003,Collision Detected,Collision - Accident,Other Collision Accident,Liability Undetermined
974,1002163965222092800,8B500264,api,us-east-1,s3://fleet.test/clip/c6329dff7db740a2848b9d34ca6bd7af/default/8B500264/1002163965222092800/1280x1080/32768.mp4,qianjing.jia,2026-04-17 20:56:47,event_collision_01_01_02_001,Collision Detected,Collision - Accident,Rear-End Collision,Active Collision (Own Liability)
975,1041792439591010304,8B50646G,api,us-east-1,s3://fleet.test/clip/c6329dff7db740a2848b9d34ca6bd7af/default/8B50646G/1041792439591010304/1280x1080/32768.mp4,qianjing.jia,2026-04-17 19:20:36,event_collision_01_01_05_003,Collision Detected,Collision - Accident,Other Collision Accident,Liability Undetermined
977,1038895498175610880,8B501231,api,us-east-1,s3://fleet.test/clip/c6329dff7db740a2848b9d34ca6bd7af/default/8B501231/1038895498175610880/1280x1080/32768.mp4,qianjing.jia,2026-04-17 19:18:45,event_collision_01_01_05_003,Collision Detected,Collision - Accident,Other Collision Accident,Liability Undetermined
979,1012515592588132352,8B50632D,api,us-east-1,s3://fleet.test/clip/c6329dff7db740a2848b9d34ca6bd7af/default/8B50632D/1012515592588132352/1280x1080/32768.mp4,qianjing.jia,2026-04-17 19:17:19,event_collision_01_01_02_003,Collision Detected,Collision - Accident,Rear-End Collision,Liability Undetermined
981,1038884608948731904,8B500320,api,us-east-1,s3://fleet.test/clip/c6329dff7db740a2848b9d34ca6bd7af/default/8B500320/1038884608948731904/1280x1080/32768.mp4,qianjing.jia,2026-04-17 19:15:42,event_collision_01_01_06_003,Collision Detected,Collision - Accident,Head-On Collision,Liability Undetermined
982,1038834362067615744,8B5023SN,api,us-east-1,s3://fleet.test/clip/c6329dff7db740a2848b9d34ca6bd7af/default/8B5023SN/1038834362067615744/1280x1080/32768.mp4,qianjing.jia,2026-04-17 19:13:54,event_collision_01_01_06_001,Collision Detected,Collision - Accident,Head-On Collision,Active Collision (Own Liability)
983,1037535952538599424,8B40132N,api,us-east-1,s3://fleet.test/clip/c6329dff7db740a2848b9d34ca6bd7af/default/8B40132N/1037535952538599424/1280x1080/32768.mp4,qianjing.jia,2026-04-17 19:13:01,event_collision_01_01_03_003,Collision Detected,Collision - Accident,Side-Impact Collision,Liability Undetermined
984,1037423017904472064,8B5028N5,api,us-east-1,s3://fleet.test/clip/c6329dff7db740a2848b9d34ca6bd7af/default/8B5028N5/1037423017904472064/1280x1080/32768.mp4,rui.zhan,2026-04-17 19:10:32,event_collision_01_01_04_003,Collision Detected,Collision - Accident,Severe Road Surface Variation,Liability Undetermined
985,1031589693277503488,8B5026UL,api,us-east-1,s3://fleet.test/clip/c6329dff7db740a2848b9d34ca6bd7af/default/8B5026UL/1031589693277503488/1280x1080/32768.mp4,qianjing.jia,2026-04-17 19:05:23,event_collision_01_01_05_003,Collision Detected,Collision - Accident,Other Collision Accident,Liability Undetermined
986,1010114565045903360,8B5025Y2,api,us-east-1,s3://fleet.test/clip/c6329dff7db740a2848b9d34ca6bd7af/default/8B5025Y2/1010114565045903360/1280x1080/32768.mp4,rui.zhan,2026-04-17 19:04:46,event_collision_01_01_05_003,Collision Detected,Collision - Accident,Other Collision Accident,Liability Undetermined
987,1007685941885829120,8B5066MR,api,us-east-1,s3://fleet.test/clip/c6329dff7db740a2848b9d34ca6bd7af/default/8B5066MR/1007685941885829120/1280x1080/32768.mp4,rui.zhan,2026-04-17 19:04:14,event_collision_01_01_05_003,Collision Detected,Collision - Accident,Other Collision Accident,Liability Undetermined
988,1008823916241772544,8B4013TZ,api,us-east-1,s3://fleet.test/clip/c6329dff7db740a2848b9d34ca6bd7af/default/8B4013TZ/1008823916241772544/1280x1080/32768.mp4,rui.zhan,2026-04-17 19:01:17,event_collision_01_01_05_003,Collision Detected,Collision - Accident,Other Collision Accident,Liability Undetermined
989,1034204034879356928,8B50645U,api,us-east-1,s3://fleet.test/clip/c6329dff7db740a2848b9d34ca6bd7af/default/8B50645U/1034204034879356928/1280x1080/32768.mp4,tao.jiang,2026-04-17 18:54:03,event_collision_01_01_07_001,Collision Detected,Collision - Accident,Vehicle Rollover,Active Rollover (Driver Error)
990,1028800679839432704,8B508261,api,us-east-1,s3://fleet.test/clip/c6329dff7db740a2848b9d34ca6bd7af/default/8B508261/1028800679839432704/1280x1080/32768.mp4,rui.zhan,2026-04-17 18:53:45,event_collision_01_01_05_003,Collision Detected,Collision - Accident,Other Collision Accident,Liability Undetermined
991,1033719434860199936,8B50635B,api,us-east-1,s3://fleet.test/clip/c6329dff7db740a2848b9d34ca6bd7af/default/8B50635B/1033719434860199936/1280x1080/32768.mp4,tao.jiang,2026-04-17 18:53:38,event_collision_01_01_05_002,Collision Detected,Collision - Accident,Other Collision Accident,Passive Collision (Third-Party/External Liability)
992,1033118570403495936,8B50314J,api,us-east-1,s3://fleet.test/clip/c6329dff7db740a2848b9d34ca6bd7af/default/8B50314J/1033118570403495936/1280x1080/32768.mp4,tao.jiang,2026-04-17 18:53:21,event_collision_01_01_02_001,Collision Detected,Collision - Accident,Rear-End Collision,Active Collision (Own Liability)
993,1029845974253731840,8B5023BN,api,us-east-1,s3://fleet.test/clip/c6329dff7db740a2848b9d34ca6bd7af/default/8B5023BN/1029845974253731840/1280x1080/32768.mp4,tao.jiang,2026-04-17 18:52:26,event_collision_01_01_03_002,Collision Detected,Collision - Accident,Side-Impact Collision,Passive Collision (Third-Party/External Liability)
995,1028703300549246976,8B5042KB,api,us-east-1,s3://fleet.test/clip/c6329dff7db740a2848b9d34ca6bd7af/default/8B5042KB/1028703300549246976/1280x1080/32768.mp4,qianjing.jia,2026-04-17 18:51:58,event_collision_01_01_03_002,Collision Detected,Collision - Accident,Side-Impact Collision,Passive Collision (Third-Party/External Liability)
996,1028366457249103872,8B501189,api,us-east-1,s3://fleet.test/clip/c6329dff7db740a2848b9d34ca6bd7af/default/8B501189/1028366457249103872/1280x1080/32768.mp4,rui.zhan,2026-04-17 18:51:29,event_collision_01_01_03_003,Collision Detected,Collision - Accident,Side-Impact Collision,Liability Undetermined
997,1028581048864374784,6B300JZP,api,us-east-1,s3://fleet.test/clip/c6329dff7db740a2848b9d34ca6bd7af/default/6B300JZP/1028581048864374784/1280x1080/32768.mp4,qianjing.jia,2026-04-17 18:51:24,event_collision_01_01_03_003,Collision Detected,Collision - Accident,Side-Impact Collision,Liability Undetermined
1000,1027574506983686144,8B401419,api,us-east-1,s3://fleet.test/clip/c6329dff7db740a2848b9d34ca6bd7af/default/8B401419/1027574506983686144/1280x1080/32768.mp4,rui.zhan,2026-04-17 18:49:32,event_collision_01_01_03_003,Collision Detected,Collision - Accident,Side-Impact Collision,Liability Undetermined
1001,1026627049978232832,8B50321E,api,us-east-1,s3://fleet.test/clip/c6329dff7db740a2848b9d34ca6bd7af/default/8B50321E/1026627049978232832/1280x1080/32768.mp4,rui.zhan,2026-04-17 18:48:05,event_collision_01_01_05_003,Collision Detected,Collision - Accident,Other Collision Accident,Liability Undetermined
1002,1021483615604867072,8B5002SZ,api,us-east-1,s3://fleet.test/clip/c6329dff7db740a2848b9d34ca6bd7af/default/8B5002SZ/1021483615604867072/1280x1080/32768.mp4,tao.jiang,2026-04-17 18:47:03,event_collision_01_01_05_001,Collision Detected,Collision - Accident,Other Collision Accident,Active Collision (Own Liability)
1003,1020721676708642816,8B50029C,api,us-east-1,s3://fleet.test/clip/2410311593904d3fbd364634b75f71d6/default/8B50029C/1020721676708642816/1280x1080/32768.mp4,rui.zhan,2026-04-17 18:46:29,event_collision_01_01_02_001,Collision Detected,Collision - Accident,Rear-End Collision,Active Collision (Own Liability)
1005,1024695666410160128,8B5086QM,api,us-east-1,s3://fleet.test/clip/c6329dff7db740a2848b9d34ca6bd7af/default/8B5086QM/1024695666410160128/1280x1080/32768.mp4,rui.zhan,2026-04-17 18:44:48,event_collision_01_01_02_003,Collision Detected,Collision - Accident,Rear-End Collision,Liability Undetermined
1006,1026119966077911040,8B50416K,api,us-east-1,s3://fleet.test/clip/c6329dff7db740a2848b9d34ca6bd7af/default/8B50416K/1026119966077911040/1280x1080/32768.mp4,tao.jiang,2026-04-17 18:44:34,event_collision_01_01_02_001,Collision Detected,Collision - Accident,Rear-End Collision,Active Collision (Own Liability)
1007,1023372365075218432,8B50554Z,api,us-east-1,s3://fleet.test/clip/c6329dff7db740a2848b9d34ca6bd7af/default/8B50554Z/1023372365075218432/1280x1080/32768.mp4,tao.jiang,2026-04-17 18:44:12,event_collision_01_01_02_001,Collision Detected,Collision - Accident,Rear-End Collision,Active Collision (Own Liability)
1009,1022584335007645696,8B5068W5,api,us-east-1,s3://fleet.test/clip/c6329dff7db740a2848b9d34ca6bd7af/default/8B5068W5/1022584335007645696/1280x1080/32768.mp4,tao.jiang,2026-04-17 18:43:47,event_collision_01_01_07_002,Collision Detected,Collision - Accident,Vehicle Rollover,Passive Rollover (External Cause)
1010,1021411420224520192,8B5012MM,api,us-east-1,s3://fleet.test/clip/c6329dff7db740a2848b9d34ca6bd7af/default/8B5012MM/1021411420224520192/1280x1080/32768.mp4,tao.jiang,2026-04-17 18:42:57,event_collision_01_01_07_001,Collision Detected,Collision - Accident,Vehicle Rollover,Active Rollover (Driver Error)
1011,1019202017350025216,8B50659H,api,us-east-1,s3://fleet.test/clip/c6329dff7db740a2848b9d34ca6bd7af/default/8B50659H/1019202017350025216/1280x1080/32768.mp4,tao.jiang,2026-04-17 18:42:07,event_collision_01_01_02_001,Collision Detected,Collision - Accident,Rear-End Collision,Active Collision (Own Liability)
1012,1016692254334681088,8B50828V,api,us-east-1,s3://fleet.test/clip/c6329dff7db740a2848b9d34ca6bd7af/default/8B50828V/1016692254334681088/1280x1080/32768.mp4,tao.jiang,2026-04-17 18:41:32,event_collision_01_01_07_001,Collision Detected,Collision - Accident,Vehicle Rollover,Active Rollover (Driver Error)
1013,1014977973520072704,8B500189,api,us-east-1,s3://fleet.test/clip/c6329dff7db740a2848b9d34ca6bd7af/default/8B500189/1014977973520072704/1280x1080/32768.mp4,tao.jiang,2026-04-17 18:41:07,event_collision_01_01_02_001,Collision Detected,Collision - Accident,Rear-End Collision,Active Collision (Own Liability)
1014,1009497305759506432,8B5081AH,api,us-east-1,s3://fleet.test/clip/c6329dff7db740a2848b9d34ca6bd7af/default/8B5081AH/1009497305759506432/1280x1080/32768.mp4,tao.jiang,2026-04-17 18:40:30,event_collision_01_01_05_001,Collision Detected,Collision - Accident,Other Collision Accident,Active Collision (Own Liability)
1016,1008905092860116992,8B50834P,api,us-east-1,s3://fleet.test/clip/c6329dff7db740a2848b9d34ca6bd7af/default/8B50834P/1008905092860116992/1280x1080/32768.mp4,tao.jiang,2026-04-17 18:38:14,event_collision_01_01_02_003,Collision Detected,Collision - Accident,Rear-End Collision,Liability Undetermined
1017,1006952450319605761,8B5012CD,api,us-east-1,s3://fleet.test/clip/c6329dff7db740a2848b9d34ca6bd7af/default/8B5012CD/1006952450319605761/1280x1080/32768.mp4,rui.zhan,2026-04-17 18:37:22,event_collision_01_01_02_001,Collision Detected,Collision - Accident,Rear-End Collision,Active Collision (Own Liability)
1044,1190985948654108672,8B5041LP,api,us-east-1,s3://fleet.test/clip/268515b6e04e48e5838a3fcfed63d65c/default/8B5041LP/1190985948654108672/1280x1080/32768.mp4,qianjing.jia,2026-04-17 18:25:30,event_collision_01_02_001,Collision Detected,Collision - Non-Accident,Non-Accident Reverse (Docking/Coupling),
1074,1006980369767088128,8B50211J,api,us-east-1,s3://fleet.test/clip/c6329dff7db740a2848b9d34ca6bd7af/default/8B50211J/1006980369767088128/1280x1080/32768.mp4,rui.zhan,2026-04-17 18:09:23,event_collision_01_01_03_003,Collision Detected,Collision - Accident,Side-Impact Collision,Liability Undetermined
1075,1017087191572185088,8B5011HR,api,us-east-1,s3://fleet.test/clip/c6329dff7db740a2848b9d34ca6bd7af/default/8B5011HR/1017087191572185088/1280x1080/32768.mp4,qianjing.jia,2026-04-17 18:08:44,event_collision_01_01_05_003,Collision Detected,Collision - Accident,Other Collision Accident,Liability Undetermined
1076,1001559000946475008,8B300192,api,us-east-1,s3://fleet.test/clip/2410311593904d3fbd364634b75f71d6/default/8B300192/1001559000946475008/1280x1080/32768.mp4,qianjing.jia,2026-04-17 18:07:54,event_collision_01_01_05_003,Collision Detected,Collision - Accident,Other Collision Accident,Liability Undetermined
1078,1036302569787523072,8B50834L,api,us-east-1,s3://fleet.test/clip/c6329dff7db740a2848b9d34ca6bd7af/default/8B50834L/1036302569787523072/1280x1080/32768.mp4,qianjing.jia,2026-04-17 18:07:12,event_collision_01_01_05_003,Collision Detected,Collision - Accident,Other Collision Accident,Liability Undetermined
1080,1041053927191248896,8B5025MT,api,us-east-1,s3://fleet.test/clip/c6329dff7db740a2848b9d34ca6bd7af/default/8B5025MT/1041053927191248896/1280x1080/32768.mp4,rui.zhan,2026-04-17 18:06:45,event_collision_01_01_05_001,Collision Detected,Collision - Accident,Other Collision Accident,Active Collision (Own Liability)
1081,1029401071673573376,8B5082XY,api,us-east-1,s3://fleet.test/clip/c6329dff7db740a2848b9d34ca6bd7af/default/8B5082XY/1029401071673573376/1280x1080/32768.mp4,rui.zhan,2026-04-17 18:06:04,event_collision_01_01_06_001,Collision Detected,Collision - Accident,Head-On Collision,Active Collision (Own Liability)
1082,1036341750458908672,8D3021MP,api,us-east-1,s3://fleet.test/clip/c6329dff7db740a2848b9d34ca6bd7af/default/8D3021MP/1036341750458908672/1280x1080/32768.mp4,qianjing.jia,2026-04-17 18:05:04,event_collision_01_01_05_002,Collision Detected,Collision - Accident,Other Collision Accident,Passive Collision (Third-Party/External Liability)
1083,1039585745536450560,8B50448T,api,us-east-1,s3://fleet.test/clip/c6329dff7db740a2848b9d34ca6bd7af/default/8B50448T/1039585745536450560/1280x1080/32768.mp4,rui.zhan,2026-04-17 18:04:17,event_collision_01_01_05_001,Collision Detected,Collision - Accident,Other Collision Accident,Active Collision (Own Liability)
1084,1014246508851265536,8B5065UB,api,us-east-1,s3://fleet.test/clip/c6329dff7db740a2848b9d34ca6bd7af/default/8B5065UB/1014246508851265536/1280x1080/32768.mp4,qianjing.jia,2026-04-17 18:04:10,event_collision_01_01_05_003,Collision Detected,Collision - Accident,Other Collision Accident,Liability Undetermined
1085,1034877514809507840,2B2CJK4X,api,us-east-1,s3://fleet.test/clip/c6329dff7db740a2848b9d34ca6bd7af/default/2B2CJK4X/1034877514809507840/1952x1952/32.mp4,rui.zhan,2026-04-17 18:03:46,event_collision_01_01_02_001,Collision Detected,Collision - Accident,Rear-End Collision,Active Collision (Own Liability)
1086,1041777448661975040,8B5085WA,api,us-east-1,s3://fleet.test/clip/c6329dff7db740a2848b9d34ca6bd7af/default/8B5085WA/1041777448661975040/1280x1080/32768.mp4,qianjing.jia,2026-04-17 18:03:44,event_collision_01_01_05_003,Collision Detected,Collision - Accident,Other Collision Accident,Liability Undetermined
1087,1003031474758369280,8B500343,api,us-east-1,s3://fleet.test/clip/c6329dff7db740a2848b9d34ca6bd7af/default/8B500343/1003031474758369280/1280x1080/32768.mp4,rui.zhan,2026-04-17 18:03:27,event_collision_01_01_07_001,Collision Detected,Collision - Accident,Vehicle Rollover,Active Rollover (Driver Error)
1088,1011640451213721600,8B5081M7,api,us-east-1,s3://fleet.test/clip/c6329dff7db740a2848b9d34ca6bd7af/default/8B5081M7/1011640451213721600/1280x1080/32768.mp4,qianjing.jia,2026-04-17 18:03:15,event_collision_01_01_03_001,Collision Detected,Collision - Accident,Side-Impact Collision,Active Collision (Own Liability)
1089,1025061324427788288,8B5032R0,api,us-east-1,s3://fleet.test/clip/c6329dff7db740a2848b9d34ca6bd7af/default/8B5032R0/1025061324427788288/1280x1080/32768.mp4,rui.zhan,2026-04-17 18:03:04,event_collision_01_01_07_001,Collision Detected,Collision - Accident,Vehicle Rollover,Active Rollover (Driver Error)
1090,1025032882781061120,8B5043FY,api,us-east-1,s3://fleet.test/clip/c6329dff7db740a2848b9d34ca6bd7af/default/8B5043FY/1025032882781061120/1280x1080/32768.mp4,rui.zhan,2026-04-17 18:01:27,event_collision_01_01_02_001,Collision Detected,Collision - Accident,Rear-End Collision,Active Collision (Own Liability)
1091,1037122663740506112,8B5028MA,api,us-east-1,s3://fleet.test/clip/c6329dff7db740a2848b9d34ca6bd7af/default/8B5028MA/1037122663740506112/1280x1080/32768.mp4,rui.zhan,2026-04-17 18:01:05,event_collision_01_01_05_001,Collision Detected,Collision - Accident,Other Collision Accident,Active Collision (Own Liability)
1094,1032981135610773504,8B4014DE,api,us-east-1,s3://fleet.test/clip/c6329dff7db740a2848b9d34ca6bd7af/default/8B4014DE/1032981135610773504/1280x1080/32768.mp4,rui.zhan,2026-04-17 17:59:53,event_collision_01_01_05_001,Collision Detected,Collision - Accident,Other Collision Accident,Active Collision (Own Liability)
1095,1013979536842457088,8B50640N,api,us-east-1,s3://fleet.test/clip/c6329dff7db740a2848b9d34ca6bd7af/default/8B50640N/1013979536842457088/1280x1080/32768.mp4,rui.zhan,2026-04-17 17:59:23,event_collision_01_01_05_001,Collision Detected,Collision - Accident,Other Collision Accident,Active Collision (Own Liability)
1096,1014568352175259648,8B50126D,api,us-east-1,s3://fleet.test/clip/c6329dff7db740a2848b9d34ca6bd7af/default/8B50126D/1014568352175259648/1280x1080/32768.mp4,rui.zhan,2026-04-17 17:58:29,event_collision_01_01_03_001,Collision Detected,Collision - Accident,Side-Impact Collision,Active Collision (Own Liability)
1097,1005094504417624064,8B40158J,api,us-east-1,s3://fleet.test/clip/c6329dff7db740a2848b9d34ca6bd7af/default/8B40158J/1005094504417624064/1280x1080/32768.mp4,rui.zhan,2026-04-17 17:54:57,event_collision_01_01_07_001,Collision Detected,Collision - Accident,Vehicle Rollover,Active Rollover (Driver Error)
1098,1021379513013141504,8B5024RG,api,us-east-1,s3://fleet.test/clip/c6329dff7db740a2848b9d34ca6bd7af/default/8B5024RG/1021379513013141504/1280x1080/32768.mp4,qianjing.jia,2026-04-17 17:54:14,event_collision_01_01_06_003,Collision Detected,Collision - Accident,Head-On Collision,Liability Undetermined
1099,1028746450114347008,8B5052Y7,api,us-east-1,s3://fleet.test/clip/c6329dff7db740a2848b9d34ca6bd7af/default/8B5052Y7/1028746450114347008/1280x1080/32768.mp4,qianjing.jia,2026-04-17 17:52:27,event_collision_01_01_02_001,Collision Detected,Collision - Accident,Rear-End Collision,Active Collision (Own Liability)
1101,1008330992152379392,8B5062L5,api,us-east-1,s3://fleet.test/clip/c6329dff7db740a2848b9d34ca6bd7af/default/8B5062L5/1008330992152379392/1280x1080/32768.mp4,qianjing.jia,2026-04-17 17:50:55,event_collision_01_01_02_001,Collision Detected,Collision - Accident,Rear-End Collision,Active Collision (Own Liability)
1103,1193607753252372480,8B5041N5,api,us-east-1,s3://fleet.test/clip/268515b6e04e48e5838a3fcfed63d65c/default/8B5041N5/1193607753252372480/1280x1080/32768.mp4,qianjing.jia,2026-04-17 17:50:06,event_collision_01_02_001,Collision Detected,Collision - Non-Accident,Non-Accident Reverse (Docking/Coupling),
1104,1029871436824739841,8B5061WP,api,us-east-1,s3://fleet.test/clip/c6329dff7db740a2848b9d34ca6bd7af/default/8B5061WP/1029871436824739841/1280x1080/32768.mp4,qianjing.jia,2026-04-17 17:49:42,event_collision_01_01_03_003,Collision Detected,Collision - Accident,Side-Impact Collision,Liability Undetermined
1105,1024116074360242176,8B3000DB,api,us-east-1,s3://fleet.test/clip/c6329dff7db740a2848b9d34ca6bd7af/default/8B3000DB/1024116074360242176/1280x1080/32768.mp4,rui.zhan,2026-04-17 17:48:55,event_collision_01_01_05_001,Collision Detected,Collision - Accident,Other Collision Accident,Active Collision (Own Liability)
1106,1029926060353028096,8B5043EX,api,us-east-1,s3://fleet.test/clip/c6329dff7db740a2848b9d34ca6bd7af/default/8B5043EX/1029926060353028096/1280x1080/32768.mp4,qianjing.jia,2026-04-17 17:48:25,event_collision_01_01_02_003,Collision Detected,Collision - Accident,Rear-End Collision,Liability Undetermined
1107,1027689892873928704,8B5083KD,api,us-east-1,s3://fleet.test/clip/c6329dff7db740a2848b9d34ca6bd7af/default/8B5083KD/1027689892873928704/1280x1080/32768.mp4,rui.zhan,2026-04-17 17:47:58,event_collision_01_01_02_001,Collision Detected,Collision - Accident,Rear-End Collision,Active Collision (Own Liability)
1108,1010823223467728896,8B5003K5,api,us-east-1,s3://fleet.test/clip/2410311593904d3fbd364634b75f71d6/default/8B5003K5/1010823223467728896/1280x1080/32768.mp4,rui.zhan,2026-04-17 17:47:27,event_collision_01_01_05_003,Collision Detected,Collision - Accident,Other Collision Accident,Liability Undetermined
1109,1040373769132212224,8B5033NU,api,us-east-1,s3://fleet.test/clip/c6329dff7db740a2848b9d34ca6bd7af/default/8B5033NU/1040373769132212224/1280x1080/32768.mp4,qianjing.jia,2026-04-17 17:46:10,event_collision_01_01_05_003,Collision Detected,Collision - Accident,Other Collision Accident,Liability Undetermined
1110,1031217768369913856,8B5042KL,api,us-east-1,s3://fleet.test/clip/c6329dff7db740a2848b9d34ca6bd7af/default/8B5042KL/1031217768369913856/1280x1080/32768.mp4,qianjing.jia,2026-04-17 17:45:45,event_collision_01_01_05_003,Collision Detected,Collision - Accident,Other Collision Accident,Liability Undetermined
1112,1035218655979405312,8D30019B,api,us-east-1,s3://fleet.test/clip/c6329dff7db740a2848b9d34ca6bd7af/default/8D30019B/1035218655979405312/1280x1080/32768.mp4,qianjing.jia,2026-04-17 17:44:09,event_collision_01_01_05_001,Collision Detected,Collision - Accident,Other Collision Accident,Active Collision (Own Liability)
1113,1012391884301172736,8B4013C4,api,us-east-1,s3://fleet.test/clip/c6329dff7db740a2848b9d34ca6bd7af/default/8B4013C4/1012391884301172736/1280x1080/32768.mp4,rui.zhan,2026-04-17 17:44:03,event_collision_01_01_05_001,Collision Detected,Collision - Accident,Other Collision Accident,Active Collision (Own Liability)
1114,1011424779137351680,6B2D88LA,api,us-east-1,s3://fleet.test/clip/2410311593904d3fbd364634b75f71d6/default/6B2D88LA/1011424779137351680/1280x1080/32768.mp4,qianjing.jia,2026-04-17 17:43:43,event_collision_01_01_05_003,Collision Detected,Collision - Accident,Other Collision Accident,Liability Undetermined
1115,1021437280532987904,8B50673Y,api,us-east-1,s3://fleet.test/clip/c6329dff7db740a2848b9d34ca6bd7af/default/8B50673Y/1021437280532987904/1280x1080/32768.mp4,qianjing.jia,2026-04-17 17:42:23,event_collision_01_01_05_003,Collision Detected,Collision - Accident,Other Collision Accident,Liability Undetermined
1117,1030124454254116864,8B5026H9,api,us-east-1,s3://fleet.test/clip/c6329dff7db740a2848b9d34ca6bd7af/default/8B5026H9/1030124454254116864/1280x1080/32768.mp4,qianjing.jia,2026-04-17 17:41:09,event_collision_01_01_05_003,Collision Detected,Collision - Accident,Other Collision Accident,Liability Undetermined
1118,1037078327514529792,8B50133F,api,us-east-1,s3://fleet.test/clip/c6329dff7db740a2848b9d34ca6bd7af/default/8B50133F/1037078327514529792/1280x1080/32768.mp4,qianjing.jia,2026-04-17 17:40:15,event_collision_01_01_02_001,Collision Detected,Collision - Accident,Rear-End Collision,Active Collision (Own Liability)
1119,1023668139000496128,8B5034JT,api,us-east-1,s3://fleet.test/clip/c6329dff7db740a2848b9d34ca6bd7af/default/8B5034JT/1023668139000496128/1280x1080/32768.mp4,qianjing.jia,2026-04-17 17:39:45,event_collision_01_01_05_003,Collision Detected,Collision - Accident,Other Collision Accident,Liability Undetermined
1120,1027775081574727680,8B5086EH,api,us-east-1,s3://fleet.test/clip/2410311593904d3fbd364634b75f71d6/default/8B5086EH/1027775081574727680/1280x1080/32768.mp4,rui.zhan,2026-04-17 17:38:49,event_collision_01_01_05_001,Collision Detected,Collision - Accident,Other Collision Accident,Active Collision (Own Liability)
1123,1008833538021277696,8B5066NS,api,us-east-1,s3://fleet.test/clip/c6329dff7db740a2848b9d34ca6bd7af/default/8B5066NS/1008833538021277696/1280x1080/32768.mp4,rui.zhan,2026-04-17 17:36:54,event_collision_01_01_02_001,Collision Detected,Collision - Accident,Rear-End Collision,Active Collision (Own Liability)
1124,1017342697578594304,8B5003GC,api,us-east-1,s3://fleet.test/clip/2410311593904d3fbd364634b75f71d6/default/8B5003GC/1017342697578594304/1280x1080/32768.mp4,rui.zhan,2026-04-17 17:36:21,event_collision_01_01_05_001,Collision Detected,Collision - Accident,Other Collision Accident,Active Collision (Own Liability)
1125,1019458477627703296,8B50672X,api,us-east-1,s3://fleet.test/clip/c6329dff7db740a2848b9d34ca6bd7af/default/8B50672X/1019458477627703296/1280x1080/32768.mp4,rui.zhan,2026-04-17 17:36:00,event_collision_01_01_05_001,Collision Detected,Collision - Accident,Other Collision Accident,Active Collision (Own Liability)
1127,1029832351972229120,8B5026FB,api,us-east-1,s3://fleet.test/clip/c6329dff7db740a2848b9d34ca6bd7af/default/8B5026FB/1029832351972229120/1280x1080/32768.mp4,rui.zhan,2026-04-17 17:35:04,event_collision_01_01_02_001,Collision Detected,Collision - Accident,Rear-End Collision,Active Collision (Own Liability)
1128,1030178262854303744,8B50118H,api,us-east-1,s3://fleet.test/clip/c6329dff7db740a2848b9d34ca6bd7af/default/8B50118H/1030178262854303744/1280x1080/32768.mp4,rui.zhan,2026-04-17 17:34:38,event_collision_01_01_05_001,Collision Detected,Collision - Accident,Other Collision Accident,Active Collision (Own Liability)
1129,1039301226581360640,8B5022ZU,api,us-east-1,s3://fleet.test/clip/c6329dff7db740a2848b9d34ca6bd7af/default/8B5022ZU/1039301226581360640/1280x1080/32768.mp4,rui.zhan,2026-04-17 17:34:12,event_collision_01_01_05_001,Collision Detected,Collision - Accident,Other Collision Accident,Active Collision (Own Liability)
1130,1029127628801605632,8B5086UE,api,us-east-1,s3://fleet.test/clip/c6329dff7db740a2848b9d34ca6bd7af/default/8B5086UE/1029127628801605632/1280x1080/32768.mp4,rui.zhan,2026-04-17 17:33:52,event_collision_01_01_05_001,Collision Detected,Collision - Accident,Other Collision Accident,Active Collision (Own Liability)
1131,1027601111223271424,8B5086G6,api,us-east-1,s3://fleet.test/clip/2410311593904d3fbd364634b75f71d6/default/8B5086G6/1027601111223271424/1280x1080/32768.mp4,tao.jiang,2026-04-17 17:33:50,event_collision_01_01_05_002,Collision Detected,Collision - Accident,Other Collision Accident,Passive Collision (Third-Party/External Liability)
1132,1031535834534412288,8B503322,api,us-east-1,s3://fleet.test/clip/c6329dff7db740a2848b9d34ca6bd7af/default/8B503322/1031535834534412288/1280x1080/32768.mp4,rui.zhan,2026-04-17 17:33:19,event_collision_01_01_05_001,Collision Detected,Collision - Accident,Other Collision Accident,Active Collision (Own Liability)
1134,1025135516380725248,8D3021YH,api,us-east-1,s3://fleet.test/clip/c6329dff7db740a2848b9d34ca6bd7af/default/8D3021YH/1025135516380725248/1280x1080/32768.mp4,qianjing.jia,2026-04-17 17:32:55,event_collision_01_01_05_003,Collision Detected,Collision - Accident,Other Collision Accident,Liability Undetermined
1135,1033036324145364992,8B5002XV,api,us-east-1,s3://fleet.test/clip/c6329dff7db740a2848b9d34ca6bd7af/default/8B5002XV/1033036324145364992/1280x1080/32768.mp4,rui.zhan,2026-04-17 17:32:43,event_collision_01_01_06_002,Collision Detected,Collision - Accident,Head-On Collision,Passive Collision (Third-Party/External Liability)
1136,1039622196655456256,8B5063KS,api,us-east-1,s3://fleet.test/clip/c6329dff7db740a2848b9d34ca6bd7af/default/8B5063KS/1039622196655456256/1280x1080/32768.mp4,qianjing.jia,2026-04-17 17:32:33,event_collision_01_01_05_001,Collision Detected,Collision - Accident,Other Collision Accident,Active Collision (Own Liability)
1138,1014237292358959105,8B40110T,api,us-east-1,s3://fleet.test/clip/c6329dff7db740a2848b9d34ca6bd7af/default/8B40110T/1014237292358959105/1280x1080/32768.mp4,qianjing.jia,2026-04-17 17:31:29,event_collision_01_01_05_001,Collision Detected,Collision - Accident,Other Collision Accident,Active Collision (Own Liability)
1139,1022887779203448832,8B4011GU,api,us-east-1,s3://fleet.test/clip/c6329dff7db740a2848b9d34ca6bd7af/default/8B4011GU/1022887779203448832/1280x1080/32768.mp4,tao.jiang,2026-04-17 17:31:20,event_collision_01_01_03_002,Collision Detected,Collision - Accident,Side-Impact Collision,Passive Collision (Third-Party/External Liability)
1140,1003011014251397120,8B5001J6,api,us-east-1,s3://fleet.test/clip/c6329dff7db740a2848b9d34ca6bd7af/default/8B5001J6/1003011014251397120/1280x1080/32768.mp4,qianjing.jia,2026-04-17 17:30:47,event_collision_01_01_05_003,Collision Detected,Collision - Accident,Other Collision Accident,Liability Undetermined
1141,1009843485697794048,8B4013NG,api,us-east-1,s3://fleet.test/clip/c6329dff7db740a2848b9d34ca6bd7af/default/8B4013NG/1009843485697794048/1280x1080/32768.mp4,tao.jiang,2026-04-17 17:30:45,event_collision_01_01_06_001,Collision Detected,Collision - Accident,Head-On Collision,Active Collision (Own Liability)
1149,1198633469715054592,8B5131FR,api,us-east-1,s3://fleet.test/clip/c82a67315b3246d884e4f26a56e54c88/default/8B5131FR/1198633469715054592/1280x1080/32768.mp4,qianjing.jia,2026-04-17 17:24:39,event_collision_01_02_001,Collision Detected,Collision - Non-Accident,Non-Accident Reverse (Docking/Coupling),
1151,1196855180172337152,8B52235P,gpst,us-east-2,s3://vidfleet.prod/clip/c183476899d441ce8bd404636c34d85c/default/8B52235P/1196855180172337152/1280x1080/32768.mp4,qianjing.jia,2026-04-17 17:23:56,event_collision_01_01_05_002,Collision Detected,Collision - Accident,Other Collision Accident,Passive Collision (Third-Party/External Liability)
1404,1204729558360793088,8B5142PM,gpst,us-east-2,s3://vidfleet.prod/clip/c183476899d441ce8bd404636c34d85c/default/8B5142PM/1204729558360793088/1280x1080/32768.mp4,tao.jiang,2026-04-17 16:07:10,event_collision_01_02_003,Collision Detected,Collision - Non-Accident,Other Non-Accident Scenario,
1414,1189170404267294720,8B5041RS,api,us-east-1,s3://fleet.test/clip/137605d3d9994bab86225422f3b7c964/default/8B5041RS/1189170404267294720/1280x1080/32768.mp4,rui.zhan,2026-04-17 16:02:36,event_collision_01_02_003,Collision Detected,Collision - Non-Accident,Other Non-Accident Scenario,
1430,1191073986927296512,8B5041LP,api,us-east-1,s3://fleet.test/clip/268515b6e04e48e5838a3fcfed63d65c/default/8B5041LP/1191073986927296512/1280x1080/32768.mp4,rui.zhan,2026-04-17 15:52:15,event_collision_01_02_001,Collision Detected,Collision - Non-Accident,Non-Accident Reverse (Docking/Coupling),
1603,1191880468803518464,8B400202,api,us-east-1,s3://fleet.test/clip/7199139d72264745a28294e21974b6f3/default/8B400202/1191880468803518464/1280x1080/32768.mp4,rui.zhan,2026-04-17 10:55:32,event_collision_01_01_03_002,Collision Detected,Collision - Accident,Side-Impact Collision,Passive Collision (Third-Party/External Liability)
1752,1192104862381408256,8B5041RB,api,us-east-1,s3://fleet.test/clip/137605d3d9994bab86225422f3b7c964/default/8B5041RB/1192104862381408256/1280x1080/32768.mp4,rui.zhan,2026-04-16 18:23:50,event_collision_01_02_003,Collision Detected,Collision - Non-Accident,Other Non-Accident Scenario,
1853,1188996191896109056,8B5003GY,api,us-east-1,s3://fleet.test/clip/2410311593904d3fbd364634b75f71d6/default/8B5003GY/1188996191896109056/1920x1080/1.mp4,rui.zhan,2026-04-16 17:17:15,event_collision_01_02_001,Collision Detected,Collision - Non-Accident,Non-Accident Reverse (Docking/Coupling),
2002,1190078337746370560,8B5003GY,api,us-east-1,s3://fleet.test/clip/2410311593904d3fbd364634b75f71d6/default/8B5003GY/1190078337746370560/1920x1080/1.mp4,rui.zhan,2026-04-16 15:27:46,event_collision_01_02_001,Collision Detected,Collision - Non-Accident,Non-Accident Reverse (Docking/Coupling),
2095,1189024709262606336,8B5041Q7,api,us-east-1,s3://fleet.test/clip/137605d3d9994bab86225422f3b7c964/default/8B5041Q7/1189024709262606336/1280x1080/32768.mp4,rui.zhan,2026-04-16 14:39:54,event_collision_01_02_003,Collision Detected,Collision - Non-Accident,Other Non-Accident Scenario,
2181,1203997715499982848,8B5143PC,gpst,us-east-2,s3://vidfleet.prod/clip/c183476899d441ce8bd404636c34d85c/default/8B5143PC/1203997715499982848/1280x1080/32768.mp4,tao.jiang,2026-04-16 14:00:58,event_collision_01_01_03_002,Collision Detected,Collision - Accident,Side-Impact Collision,Passive Collision (Third-Party/External Liability)
2386,1189711623363919872,8B5003GY,api,us-east-1,s3://fleet.test/clip/2410311593904d3fbd364634b75f71d6/default/8B5003GY/1189711623363919872/1920x1080/1.mp4,rui.zhan,2026-04-16 10:51:04,event_collision_01_02_001,Collision Detected,Collision - Non-Accident,Non-Accident Reverse (Docking/Coupling),
2442,1191399551777538048,8B5086CN,api,us-east-1,s3://fleet.test/clip/2410311593904d3fbd364634b75f71d6/default/8B5086CN/1191399551777538048/1920x1080/1.mp4,rui.zhan,2026-04-16 10:26:00,event_collision_01_02_003,Collision Detected,Collision - Non-Accident,Other Non-Accident Scenario,
2535,1193603594520264704,8B5041ML,api,us-east-1,s3://fleet.test/clip/137605d3d9994bab86225422f3b7c964/default/8B5041ML/1193603594520264704/1280x1080/32768.mp4,qianjing.jia,2026-04-15 19:01:24,event_collision_01_02_001,Collision Detected,Collision - Non-Accident,Non-Accident Reverse (Docking/Coupling),
2830,1189945917378297856,8B5041LP,api,us-east-1,s3://fleet.test/clip/268515b6e04e48e5838a3fcfed63d65c/default/8B5041LP/1189945917378297856/1280x1080/32768.mp4,rui.zhan,2026-04-15 17:40:53,event_collision_01_02_001,Collision Detected,Collision - Non-Accident,Non-Accident Reverse (Docking/Coupling),
2832,1191407021954596864,8B5211RT,api,us-east-1,s3://fleet.test/clip/c6329dff7db740a2848b9d34ca6bd7af/default/8B5211RT/1191407021954596864/1280x1080/32768.mp4,qianjing.jia,2026-04-15 17:40:04,event_collision_01_01_05_003,Collision Detected,Collision - Accident,Other Collision Accident,Liability Undetermined
2891,1189759373560414208,8B5041LP,api,us-east-1,s3://fleet.test/clip/268515b6e04e48e5838a3fcfed63d65c/default/8B5041LP/1189759373560414208/1280x1080/32768.mp4,qianjing.jia,2026-04-15 17:20:57,event_collision_01_02_001,Collision Detected,Collision - Non-Accident,Non-Accident Reverse (Docking/Coupling),
3080,1190865488851402752,8B5064M3,api,us-east-1,s3://fleet.test/clip/c6329dff7db740a2848b9d34ca6bd7af/default/8B5064M3/1190865488851402752/1280x1080/32768.mp4,qianjing.jia,2026-04-15 16:42:08,event_collision_01_02_001,Collision Detected,Collision - Non-Accident,Non-Accident Reverse (Docking/Coupling),
3313,1203716279710679040,8B5065TZ,api,us-east-1,s3://fleet.test/clip/c6329dff7db740a2848b9d34ca6bd7af/default/8B5065TZ/1203716279710679040/1280x1080/32768.mp4,tao.jiang,2026-04-14 18:44:16,event_collision_01_01_02_001,Collision Detected,Collision - Accident,Rear-End Collision,Active Collision (Own Liability)
3344,1198645202043150336,8B51217W,gpst,us-east-2,s3://vidfleet.prod/clip/c183476899d441ce8bd404636c34d85c/default/8B51217W/1198645202043150336/1280x1080/32768.mp4,rui.zhan,2026-04-14 18:09:04,event_collision_01_02_003,Collision Detected,Collision - Non-Accident,Other Non-Accident Scenario,
3349,1198645586044264448,6B5131E9,gpst,us-east-2,s3://vidfleet.prod/clip/c183476899d441ce8bd404636c34d85c/default/6B5131E9/1198645586044264448/1280x1080/32768.mp4,rui.zhan,2026-04-14 18:07:09,event_collision_01_02_003,Collision Detected,Collision - Non-Accident,Other Non-Accident Scenario,
3373,1203717064456568832,8B5212G1,api,us-east-1,s3://fleet.test/clip/c6329dff7db740a2848b9d34ca6bd7af/default/8B5212G1/1203717064456568832/1280x1080/32768.mp4,qianjing.jia,2026-04-14 17:58:04,event_collision_01_01_05_001,Collision Detected,Collision - Accident,Other Collision Accident,Active Collision (Own Liability)
3437,1203716141961347072,8B5065TZ,api,us-east-1,s3://fleet.test/clip/c6329dff7db740a2848b9d34ca6bd7af/default/8B5065TZ/1203716141961347072/1280x1080/32768.mp4,vincent.sun,2026-04-14 17:30:45,event_collision_01_01_02_001,Collision Detected,Collision - Accident,Rear-End Collision,Active Collision (Own Liability)
3546,1203706123258068992,8B50654Y,api,us-east-1,s3://fleet.test/clip/c6329dff7db740a2848b9d34ca6bd7af/default/8B50654Y/1203706123258068992/1280x1080/32768.mp4,tao.jiang,2026-04-14 16:49:55,event_collision_01_01_03_001,Collision Detected,Collision - Accident,Side-Impact Collision,Active Collision (Own Liability)
3654,1203654178296201216,8B5028RM,api,us-east-1,s3://fleet.test/clip/c6329dff7db740a2848b9d34ca6bd7af/default/8B5028RM/1203654178296201216/1280x1080/32768.mp4,tao.jiang,2026-04-14 16:10:25,event_collision_01_01_04_001,Collision Detected,Collision - Accident,Severe Road Surface Variation,Active Collision (Own Liability)
3766,1200482872549605377,8B50660V,api,us-east-1,s3://fleet.test/clip/c6329dff7db740a2848b9d34ca6bd7af/default/8B50660V/1200482872549605377/1280x1080/32768.mp4,rui.zhan,2026-04-14 14:25:16,event_collision_01_01_06_001,Collision Detected,Collision - Accident,Head-On Collision,Active Collision (Own Liability)
4189,1201235942363504640,8B5181CP,gpst,us-east-2,s3://vidfleet.prod/clip/c183476899d441ce8bd404636c34d85c/default/8B5181CP/1201235942363504640/1280x1080/32768.mp4,rui.zhan,2026-04-13 17:44:24,event_collision_01_01_03_003,Collision Detected,Collision - Accident,Side-Impact Collision,Liability Undetermined
4197,1199320593795784704,8B5143U2,gpst,us-east-2,s3://vidfleet.prod/clip/c183476899d441ce8bd404636c34d85c/default/8B5143U2/1199320593795784704/1920x1080/1.mp4,rui.zhan,2026-04-13 17:37:58,event_collision_01_02_003,Collision Detected,Collision - Non-Accident,Other Non-Accident Scenario,
4200,1199400649914195968,8B5141XU,gpst,us-east-2,s3://vidfleet.prod/clip/c183476899d441ce8bd404636c34d85c/default/8B5141XU/1199400649914195968/1280x1080/32768.mp4,rui.zhan,2026-04-13 17:35:18,event_collision_01_01_03_002,Collision Detected,Collision - Accident,Side-Impact Collision,Passive Collision (Third-Party/External Liability)
4205,1199003808592699392,8B90011F,gpst,us-east-2,s3://vidfleet.prod/clip/c183476899d441ce8bd404636c34d85c/default/8B90011F/1199003808592699392/1280x1080/32768.mp4,rui.zhan,2026-04-13 17:29:38,event_collision_01_02_003,Collision Detected,Collision - Non-Accident,Other Non-Accident Scenario,
4266,1202269774147624960,6B3101FY,gpst,us-east-2,s3://vidfleet.prod/clip/c183476899d441ce8bd404636c34d85c/default/6B3101FY/1202269774147624960/1280x1080/32768.mp4,tao.jiang,2026-04-13 16:08:01,event_collision_01_02_003,Collision Detected,Collision - Non-Accident,Other Non-Accident Scenario,
4278,1202814102423085056,6B301GPY,gpst,us-east-2,s3://vidfleet.prod/clip/8a4b5e9b4dad4f7595cdf86e5ec8c8ca/default/6B301GPY/1202814102423085056/1280x1080/32768.mp4,tao.jiang,2026-04-13 14:33:29,event_collision_01_01_03_002,Collision Detected,Collision - Accident,Side-Impact Collision,Passive Collision (Third-Party/External Liability)
4279,1202792390058975232,6B3111RV,gpst,us-east-2,s3://vidfleet.prod/clip/c183476899d441ce8bd404636c34d85c/default/6B3111RV/1202792390058975232/1280x1080/32768.mp4,tao.jiang,2026-04-13 14:33:05,event_collision_01_01_02_002,Collision Detected,Collision - Accident,Rear-End Collision,Passive Collision (Third-Party/External Liability)
4297,1202623670946766848,8B522342,gpst,us-east-2,s3://vidfleet.prod/clip/c183476899d441ce8bd404636c34d85c/default/8B522342/1202623670946766848/1280x1080/32768.mp4,tao.jiang,2026-04-13 10:36:29,event_collision_01_02_003,Collision Detected,Collision - Non-Accident,Other Non-Accident Scenario,
4299,1202585861498216448,8B51221N,gpst,us-east-2,s3://vidfleet.prod/clip/c183476899d441ce8bd404636c34d85c/default/8B51221N/1202585861498216448/1280x1080/32768.mp4,tao.jiang,2026-04-13 10:30:08,event_collision_01_02_003,Collision Detected,Collision - Non-Accident,Other Non-Accident Scenario,
4309,1202374484632412160,6B3018QR,gpst,us-east-2,s3://vidfleet.prod/clip/c183476899d441ce8bd404636c34d85c/default/6B3018QR/1202374484632412160/1280x1080/32768.mp4,tao.jiang,2026-04-13 10:26:03,event_collision_01_01_02_002,Collision Detected,Collision - Accident,Rear-End Collision,Passive Collision (Third-Party/External Liability)
4311,1202713280834076672,8B5029EZ,api,us-east-1,s3://fleet.test/clip/c6329dff7db740a2848b9d34ca6bd7af/default/8B5029EZ/1202713280834076672/1280x1080/32768.mp4,vincent.sun,2026-04-13 10:25:01,event_collision_01_01_05_001,Collision Detected,Collision - Accident,Other Collision Accident,Active Collision (Own Liability)
4321,1202215695526535168,8B5123FV,gpst,us-east-2,s3://vidfleet.prod/clip/c183476899d441ce8bd404636c34d85c/default/8B5123FV/1202215695526535168/1280x1080/32768.mp4,tao.jiang,2026-04-10 14:12:50,event_collision_01_02_001,Collision Detected,Collision - Non-Accident,Non-Accident Reverse (Docking/Coupling),
4360,1063589538611494912,8B50844H,api,us-east-1,s3://fleet.test/clip/c6329dff7db740a2848b9d34ca6bd7af/default/8B50844H/1063589538611494912/1280x1080/32768.mp4,tao.jiang,2026-04-10 10:32:29,event_collision_01_01_05_001,Collision Detected,Collision - Accident,Other Collision Accident,Active Collision (Own Liability)
4361,1184875974915948544,8B5084SW,api,us-east-1,s3://fleet.test/clip/c6329dff7db740a2848b9d34ca6bd7af/default/8B5084SW/1184875974915948544/1280x1080/32768.mp4,qianjing.jia,2026-04-10 10:25:04,event_collision_01_01_05_003,Collision Detected,Collision - Accident,Other Collision Accident,Liability Undetermined
4362,1060680317532274688,8B50515C,api,us-east-1,s3://fleet.test/clip/c6329dff7db740a2848b9d34ca6bd7af/default/8B50515C/1060680317532274688/1280x1080/32768.mp4,tao.jiang,2026-04-09 15:28:59,event_collision_01_01_05_001,Collision Detected,Collision - Accident,Other Collision Accident,Active Collision (Own Liability)
4365,1066723607197155328,8B5064LS,api,us-east-1,s3://fleet.test/clip/c6329dff7db740a2848b9d34ca6bd7af/default/8B5064LS/1066723607197155328/1280x1080/32768.mp4,vincent.sun,2026-04-09 14:31:50,event_collision_01_01_05_002,Collision Detected,Collision - Accident,Other Collision Accident,Passive Collision (Third-Party/External Liability)
4366,1066013578030645248,8B5011KM,api,us-east-1,s3://fleet.test/clip/c6329dff7db740a2848b9d34ca6bd7af/default/8B5011KM/1066013578030645248/1280x1080/32768.mp4,vincent.sun,2026-04-09 14:31:07,event_collision_01_01_04_001,Collision Detected,Collision - Accident,Severe Road Surface Variation,Active Collision (Own Liability)
4367,1065709812689567744,8B50254Z,api,us-east-1,s3://fleet.test/clip/c6329dff7db740a2848b9d34ca6bd7af/default/8B50254Z/1065709812689567744/1280x1080/32768.mp4,vincent.sun,2026-04-09 14:30:44,event_collision_01_01_05_001,Collision Detected,Collision - Accident,Other Collision Accident,Active Collision (Own Liability)
4368,1065662109293117440,8B50626Z,api,us-east-1,s3://fleet.test/clip/c6329dff7db740a2848b9d34ca6bd7af/default/8B50626Z/1065662109293117440/1280x1080/32768.mp4,vincent.sun,2026-04-09 14:28:48,event_collision_01_01_05_002,Collision Detected,Collision - Accident,Other Collision Accident,Passive Collision (Third-Party/External Liability)
4369,1065598956677005312,8B5054TR,api,us-east-1,s3://fleet.test/clip/c6329dff7db740a2848b9d34ca6bd7af/default/8B5054TR/1065598956677005312/1280x1080/32768.mp4,vincent.sun,2026-04-09 14:26:22,event_collision_01_01_05_002,Collision Detected,Collision - Accident,Other Collision Accident,Passive Collision (Third-Party/External Liability)
4371,1065180324763435008,8B4011WD,api,us-east-1,s3://fleet.test/clip/c6329dff7db740a2848b9d34ca6bd7af/default/8B4011WD/1065180324763435008/1280x1080/32768.mp4,vincent.sun,2026-04-09 14:25:30,event_collision_01_01_02_001,Collision Detected,Collision - Accident,Rear-End Collision,Active Collision (Own Liability)
4372,1064367575846256640,8B506160,api,us-east-1,s3://fleet.test/clip/c6329dff7db740a2848b9d34ca6bd7af/default/8B506160/1064367575846256640/1280x1080/32768.mp4,vincent.sun,2026-04-09 14:25:10,event_collision_01_01_06_002,Collision Detected,Collision - Accident,Head-On Collision,Passive Collision (Third-Party/External Liability)
4374,1063166536660975616,6B30787Z,api,us-east-1,s3://fleet.test/clip/c6329dff7db740a2848b9d34ca6bd7af/default/6B30787Z/1063166536660975616/1280x1080/32768.mp4,vincent.sun,2026-04-09 14:23:17,event_collision_01_01_02_001,Collision Detected,Collision - Accident,Rear-End Collision,Active Collision (Own Liability)
4375,1062786405530501120,8B5024P9,api,us-east-1,s3://fleet.test/clip/c6329dff7db740a2848b9d34ca6bd7af/default/8B5024P9/1062786405530501120/1280x1080/32768.mp4,vincent.sun,2026-04-09 14:22:38,event_collision_01_01_05_002,Collision Detected,Collision - Accident,Other Collision Accident,Passive Collision (Third-Party/External Liability)
4376,1062701116019605504,6B30813P,api,us-east-1,s3://fleet.test/clip/c6329dff7db740a2848b9d34ca6bd7af/default/6B30813P/1062701116019605504/1280x1080/32768.mp4,vincent.sun,2026-04-09 14:21:26,event_collision_01_01_06_003,Collision Detected,Collision - Accident,Head-On Collision,Liability Undetermined
4377,1062447499278712832,6B302TST,api,us-east-1,s3://fleet.test/clip/c6329dff7db740a2848b9d34ca6bd7af/default/6B302TST/1062447499278712832/1280x1080/32768.mp4,vincent.sun,2026-04-09 14:20:25,event_collision_01_01_04_001,Collision Detected,Collision - Accident,Severe Road Surface Variation,Active Collision (Own Liability)
4378,1062435470052589568,8B5028JT,api,us-east-1,s3://fleet.test/clip/c6329dff7db740a2848b9d34ca6bd7af/default/8B5028JT/1062435470052589568/1280x1080/32768.mp4,vincent.sun,2026-04-09 14:20:03,event_collision_01_01_06_002,Collision Detected,Collision - Accident,Head-On Collision,Passive Collision (Third-Party/External Liability)
4379,1062355105791246336,8B50358P,api,us-east-1,s3://fleet.test/clip/c6329dff7db740a2848b9d34ca6bd7af/default/8B50358P/1062355105791246336/1280x1080/32768.mp4,vincent.sun,2026-04-09 14:19:36,event_collision_01_01_04_001,Collision Detected,Collision - Accident,Severe Road Surface Variation,Active Collision (Own Liability)
4381,1201962638628782080,8B4014KX,api,us-east-1,s3://fleet.test/clip/c6329dff7db740a2848b9d34ca6bd7af/default/8B4014KX/1201962638628782080/1280x1080/32768.mp4,tao.jiang,2026-04-09 14:14:12,event_collision_01_01_05_001,Collision Detected,Collision - Accident,Other Collision Accident,Active Collision (Own Liability)
4385,1201874686716313600,8B5029C0,api,us-east-1,s3://fleet.test/clip/c6329dff7db740a2848b9d34ca6bd7af/default/8B5029C0/1201874686716313600/1280x1080/32768.mp4,tao.jiang,2026-04-09 14:12:36,event_collision_01_01_06_001,Collision Detected,Collision - Accident,Head-On Collision,Active Collision (Own Liability)
4386,1201874250588389376,6B30784F,api,us-east-1,s3://fleet.test/clip/c6329dff7db740a2848b9d34ca6bd7af/default/6B30784F/1201874250588389376/1280x1080/32768.mp4,tao.jiang,2026-04-09 14:11:20,event_collision_01_01_03_002,Collision Detected,Collision - Accident,Side-Impact Collision,Passive Collision (Third-Party/External Liability)
4387,1201867773949673472,8B5001YM,api,us-east-1,s3://fleet.test/clip/c6329dff7db740a2848b9d34ca6bd7af/default/8B5001YM/1201867773949673472/1280x1080/32768.mp4,tao.jiang,2026-04-09 14:10:28,event_collision_01_01_03_002,Collision Detected,Collision - Accident,Side-Impact Collision,Passive Collision (Third-Party/External Liability)
4388,1062106951443447808,8B5002R1,api,us-east-1,s3://fleet.test/clip/c6329dff7db740a2848b9d34ca6bd7af/default/8B5002R1/1062106951443447808/1280x1080/32768.mp4,vincent.sun,2026-04-09 14:07:27,event_collision_01_01_05_001,Collision Detected,Collision - Accident,Other Collision Accident,Active Collision (Own Liability)
4390,1062045012319174656,8B5066P4,api,us-east-1,s3://fleet.test/clip/c6329dff7db740a2848b9d34ca6bd7af/default/8B5066P4/1062045012319174656/1280x1080/32768.mp4,vincent.sun,2026-04-09 14:07:03,event_collision_01_01_02_001,Collision Detected,Collision - Accident,Rear-End Collision,Active Collision (Own Liability)
4392,1061987267339517952,8B5061L0,api,us-east-1,s3://fleet.test/clip/c6329dff7db740a2848b9d34ca6bd7af/default/8B5061L0/1061987267339517952/1280x1080/32768.mp4,vincent.sun,2026-04-09 14:06:47,event_collision_01_01_06_001,Collision Detected,Collision - Accident,Head-On Collision,Active Collision (Own Liability)
4394,1061980739723231232,8B5053UG,api,us-east-1,s3://fleet.test/clip/c6329dff7db740a2848b9d34ca6bd7af/default/8B5053UG/1061980739723231232/1280x1080/32768.mp4,vincent.sun,2026-04-09 14:06:18,event_collision_01_01_06_002,Collision Detected,Collision - Accident,Head-On Collision,Passive Collision (Third-Party/External Liability)
4397,1061738206699094016,8B5026UD,api,us-east-1,s3://fleet.test/clip/c6329dff7db740a2848b9d34ca6bd7af/default/8B5026UD/1061738206699094016/1280x1080/32768.mp4,vincent.sun,2026-04-09 14:05:46,event_collision_01_01_04_001,Collision Detected,Collision - Accident,Severe Road Surface Variation,Active Collision (Own Liability)
4399,1061735316794277888,8B504376,api,us-east-1,s3://fleet.test/clip/c6329dff7db740a2848b9d34ca6bd7af/default/8B504376/1061735316794277888/1280x1080/32768.mp4,vincent.sun,2026-04-09 14:05:27,event_collision_01_01_03_002,Collision Detected,Collision - Accident,Side-Impact Collision,Passive Collision (Third-Party/External Liability)
4401,1061712737408811008,8B5053FJ,api,us-east-1,s3://fleet.test/clip/c6329dff7db740a2848b9d34ca6bd7af/default/8B5053FJ/1061712737408811008/1280x1080/32768.mp4,vincent.sun,2026-04-09 14:04:59,event_collision_01_01_05_001,Collision Detected,Collision - Accident,Other Collision Accident,Active Collision (Own Liability)
4404,1060914564159406080,8B50343X,api,us-east-1,s3://fleet.test/clip/c6329dff7db740a2848b9d34ca6bd7af/default/8B50343X/1060914564159406080/1280x1080/32768.mp4,vincent.sun,2026-04-09 14:04:40,event_collision_01_01_03_001,Collision Detected,Collision - Accident,Side-Impact Collision,Active Collision (Own Liability)
4406,1060847195365998592,8B5043GG,api,us-east-1,s3://fleet.test/clip/c6329dff7db740a2848b9d34ca6bd7af/default/8B5043GG/1060847195365998592/1280x1080/32768.mp4,vincent.sun,2026-04-09 14:04:24,event_collision_01_01_03_002,Collision Detected,Collision - Accident,Side-Impact Collision,Passive Collision (Third-Party/External Liability)
4411,1201898004492197889,8B5122PF,gpst,us-east-2,s3://vidfleet.prod/clip/c183476899d441ce8bd404636c34d85c/default/8B5122PF/1201898004492197889/1280x1080/32768.mp4,tao.jiang,2026-04-09 14:02:20,event_collision_01_02_002,Collision Detected,Collision - Non-Accident,Operational Collision (Snow Plowing/Earthwork),
4418,1201828659556655104,8B5122AU,gpst,us-east-2,s3://vidfleet.prod/clip/c183476899d441ce8bd404636c34d85c/default/8B5122AU/1201828659556655104/1280x1080/32768.mp4,tao.jiang,2026-04-09 14:00:08,event_collision_01_02_001,Collision Detected,Collision - Non-Accident,Non-Accident Reverse (Docking/Coupling),
4426,1059853806466138112,8B5026E3,api,us-east-1,s3://fleet.test/clip/c6329dff7db740a2848b9d34ca6bd7af/default/8B5026E3/1059853806466138112/1280x1080/32768.mp4,qianjing.jia,2026-04-09 13:40:59,event_collision_01_01_05_003,Collision Detected,Collision - Accident,Other Collision Accident,Liability Undetermined
4427,1059215100285714432,8B5051NR,api,us-east-1,s3://fleet.test/clip/c6329dff7db740a2848b9d34ca6bd7af/default/8B5051NR/1059215100285714432/1280x1080/32768.mp4,qianjing.jia,2026-04-09 13:40:26,event_collision_01_01_05_003,Collision Detected,Collision - Accident,Other Collision Accident,Liability Undetermined
4428,1052725750681206784,8B51024N,api,us-east-1,s3://fleet.test/clip/c6329dff7db740a2848b9d34ca6bd7af/default/8B51024N/1052725750681206784/1280x1080/32768.mp4,qianjing.jia,2026-04-09 13:39:08,event_collision_01_01_02_002,Collision Detected,Collision - Accident,Rear-End Collision,Passive Collision (Third-Party/External Liability)
4429,1037351679089082368,8B5044TX,api,us-east-1,s3://fleet.test/clip/c6329dff7db740a2848b9d34ca6bd7af/default/8B5044TX/1037351679089082368/1280x1080/32768.mp4,qianjing.jia,2026-04-09 12:09:42,event_collision_01_01_05_003,Collision Detected,Collision - Accident,Other Collision Accident,Liability Undetermined
4430,1059850819324772352,8B505300,api,us-east-1,s3://fleet.test/clip/c6329dff7db740a2848b9d34ca6bd7af/default/8B505300/1059850819324772352/1280x1080/32768.mp4,qianjing.jia,2026-04-09 12:08:01,event_collision_01_01_02_001,Collision Detected,Collision - Accident,Rear-End Collision,Active Collision (Own Liability)
4431,1059435303296729088,8B5069P0,api,us-east-1,s3://fleet.test/clip/c6329dff7db740a2848b9d34ca6bd7af/default/8B5069P0/1059435303296729088/1280x1080/32768.mp4,qianjing.jia,2026-04-09 11:55:21,event_collision_01_01_02_001,Collision Detected,Collision - Accident,Rear-End Collision,Active Collision (Own Liability)
4432,1057731568686235648,8B50552D,api,us-east-1,s3://fleet.test/clip/c6329dff7db740a2848b9d34ca6bd7af/default/8B50552D/1057731568686235648/1280x1080/32768.mp4,qianjing.jia,2026-04-09 11:55:00,event_collision_01_01_05_001,Collision Detected,Collision - Accident,Other Collision Accident,Active Collision (Own Liability)
4433,1057006327714447360,6B3078UR,api,us-east-1,s3://fleet.test/clip/c6329dff7db740a2848b9d34ca6bd7af/default/6B3078UR/1057006327714447360/1280x1080/32768.mp4,qianjing.jia,2026-04-09 11:52:49,event_collision_01_01_05_001,Collision Detected,Collision - Accident,Other Collision Accident,Active Collision (Own Liability)
4434,1047942615456186368,8B50230A,api,us-east-1,s3://fleet.test/clip/c6329dff7db740a2848b9d34ca6bd7af/default/8B50230A/1047942615456186368/1280x1080/32768.mp4,qianjing.jia,2026-04-09 11:52:14,event_collision_01_01_05_001,Collision Detected,Collision - Accident,Other Collision Accident,Active Collision (Own Liability)
4435,1043555520503513088,8B5067RU,api,us-east-1,s3://fleet.test/clip/c6329dff7db740a2848b9d34ca6bd7af/default/8B5067RU/1043555520503513088/1280x1080/32768.mp4,qianjing.jia,2026-04-09 11:51:57,event_collision_01_01_05_001,Collision Detected,Collision - Accident,Other Collision Accident,Active Collision (Own Liability)
4436,1040275435440734208,8B5002BN,api,us-east-1,s3://fleet.test/clip/c6329dff7db740a2848b9d34ca6bd7af/default/8B5002BN/1040275435440734208/1280x1080/32768.mp4,qianjing.jia,2026-04-09 11:51:28,event_collision_01_01_05_001,Collision Detected,Collision - Accident,Other Collision Accident,Active Collision (Own Liability)
4442,1186107890562400256,8D3021PT,api,us-east-1,s3://fleet.test/clip/c6329dff7db740a2848b9d34ca6bd7af/default/8D3021PT/1186107890562400256/1280x1080/32768.mp4,tao.jiang,2026-04-09 10:27:29,event_collision_01_01_05_002,Collision Detected,Collision - Accident,Other Collision Accident,Passive Collision (Third-Party/External Liability)
4444,1185322597500485632,8B50337H,api,us-east-1,s3://fleet.test/clip/c6329dff7db740a2848b9d34ca6bd7af/default/8B50337H/1185322597500485632/1280x1080/32768.mp4,tao.jiang,2026-04-09 10:26:45,event_collision_01_01_05_002,Collision Detected,Collision - Accident,Other Collision Accident,Passive Collision (Third-Party/External Liability)
4446,1183752102606962688,8D302251,api,us-east-1,s3://fleet.test/clip/c6329dff7db740a2848b9d34ca6bd7af/default/8D302251/1183752102606962688/1280x1080/32768.mp4,tao.jiang,2026-04-09 10:25:52,event_collision_01_01_05_002,Collision Detected,Collision - Accident,Other Collision Accident,Passive Collision (Third-Party/External Liability)
4449,1201616585836625920,8B5041RB,api,us-east-1,s3://fleet.test/clip/137605d3d9994bab86225422f3b7c964/default/8B5041RB/1201616585836625920/1280x1080/32768.mp4,vincent.sun,2026-04-08 18:59:50,event_collision_01_01_02_001,Collision Detected,Collision - Accident,Rear-End Collision,Active Collision (Own Liability)
4451,1201591220963540992,8B5262Q1,api,us-east-1,s3://fleet.test/clip/c6329dff7db740a2848b9d34ca6bd7af/default/8B5262Q1/1201591220963540992/1280x1080/32768.mp4,vincent.sun,2026-04-08 18:59:15,event_collision_01_01_06_001,Collision Detected,Collision - Accident,Head-On Collision,Active Collision (Own Liability)
4452,1201559057601822720,8D302467,api,us-east-1,s3://fleet.test/clip/2410311593904d3fbd364634b75f71d6/default/8D302467/1201559057601822720/1280x1080/32768.mp4,vincent.sun,2026-04-08 18:58:30,event_collision_01_02_002,Collision Detected,Collision - Non-Accident,Operational Collision (Snow Plowing/Earthwork),
4457,1193990420619755520,8B5042AV,api,us-east-1,s3://fleet.test/clip/c6329dff7db740a2848b9d34ca6bd7af/default/8B5042AV/1193990420619755520/1280x1080/32768.mp4,tao.jiang,2026-04-08 18:55:24,event_collision_01_01_02_001,Collision Detected,Collision - Accident,Rear-End Collision,Active Collision (Own Liability)
4458,1193718462661427200,8B50247K,api,us-east-1,s3://fleet.test/clip/c6329dff7db740a2848b9d34ca6bd7af/default/8B50247K/1193718462661427200/1280x1080/32768.mp4,tao.jiang,2026-04-08 18:55:03,event_collision_01_01_05_001,Collision Detected,Collision - Accident,Other Collision Accident,Active Collision (Own Liability)
4461,1193576697975439360,8B5091PC,api,us-east-1,s3://fleet.test/clip/c6329dff7db740a2848b9d34ca6bd7af/default/8B5091PC/1193576697975439360/1280x1080/32768.mp4,tao.jiang,2026-04-08 18:54:02,event_collision_01_01_05_002,Collision Detected,Collision - Accident,Other Collision Accident,Passive Collision (Third-Party/External Liability)
4463,1193494606231273472,8B5083SU,api,us-east-1,s3://fleet.test/clip/c6329dff7db740a2848b9d34ca6bd7af/default/8B5083SU/1193494606231273472/1280x1080/32768.mp4,tao.jiang,2026-04-08 18:53:07,event_collision_01_01_05_001,Collision Detected,Collision - Accident,Other Collision Accident,Active Collision (Own Liability)
4466,1192835238666076160,8B5232SJ,api,us-east-1,s3://fleet.test/clip/c6329dff7db740a2848b9d34ca6bd7af/default/8B5232SJ/1192835238666076160/1280x1080/32768.mp4,tao.jiang,2026-04-08 18:51:41,event_collision_01_01_02_001,Collision Detected,Collision - Accident,Rear-End Collision,Active Collision (Own Liability)
4469,1192579377456644096,8B5044WA,api,us-east-1,s3://fleet.test/clip/c6329dff7db740a2848b9d34ca6bd7af/default/8B5044WA/1192579377456644096/1280x1080/32768.mp4,tao.jiang,2026-04-08 18:50:37,event_collision_01_01_02_001,Collision Detected,Collision - Accident,Rear-End Collision,Active Collision (Own Liability)
4470,1192529743820521472,6B2D88EH,api,us-east-1,s3://fleet.test/clip/2410311593904d3fbd364634b75f71d6/default/6B2D88EH/1192529743820521472/1280x1080/32768.mp4,tao.jiang,2026-04-08 18:50:06,event_collision_01_02_001,Collision Detected,Collision - Non-Accident,Non-Accident Reverse (Docking/Coupling),
4471,1192475982636941312,8B5083PE,api,us-east-1,s3://fleet.test/clip/c6329dff7db740a2848b9d34ca6bd7af/default/8B5083PE/1192475982636941312/1280x1080/32768.mp4,tao.jiang,2026-04-08 18:49:38,event_collision_01_01_02_001,Collision Detected,Collision - Accident,Rear-End Collision,Active Collision (Own Liability)
4472,1192440854166536192,8B5231YH,api,us-east-1,s3://fleet.test/clip/c6329dff7db740a2848b9d34ca6bd7af/default/8B5231YH/1192440854166536192/1280x1080/32768.mp4,tao.jiang,2026-04-08 18:49:08,event_collision_01_01_05_002,Collision Detected,Collision - Accident,Other Collision Accident,Passive Collision (Third-Party/External Liability)
4473,1192436629609021440,8B5024B8,api,us-east-1,s3://fleet.test/clip/c6329dff7db740a2848b9d34ca6bd7af/default/8B5024B8/1192436629609021440/1280x1080/32768.mp4,tao.jiang,2026-04-08 18:48:54,event_collision_01_01_05_002,Collision Detected,Collision - Accident,Other Collision Accident,Passive Collision (Third-Party/External Liability)
4475,1192070369889124352,8B5041N1,api,us-east-1,s3://fleet.test/clip/137605d3d9994bab86225422f3b7c964/default/8B5041N1/1192070369889124352/1280x1080/32768.mp4,tao.jiang,2026-04-08 18:48:04,event_collision_01_02_003,Collision Detected,Collision - Non-Accident,Other Non-Accident Scenario,
4477,1191743347279167488,8B5213WY,api,us-east-1,s3://fleet.test/clip/c6329dff7db740a2848b9d34ca6bd7af/default/8B5213WY/1191743347279167488/1280x1080/32768.mp4,tao.jiang,2026-04-08 18:47:21,event_collision_01_01_05_002,Collision Detected,Collision - Accident,Other Collision Accident,Passive Collision (Third-Party/External Liability)
4478,1191477228886720512,6B302SPX,api,us-east-1,s3://fleet.test/clip/c6329dff7db740a2848b9d34ca6bd7af/default/6B302SPX/1191477228886720512/1280x1080/32768.mp4,tao.jiang,2026-04-08 18:46:45,event_collision_01_01_02_001,Collision Detected,Collision - Accident,Rear-End Collision,Active Collision (Own Liability)
4487,1190001761700708352,8D3023LY,api,us-east-1,s3://fleet.test/clip/c6329dff7db740a2848b9d34ca6bd7af/default/8D3023LY/1190001761700708352/1280x1080/32768.mp4,tao.jiang,2026-04-08 18:41:19,event_collision_01_01_03_002,Collision Detected,Collision - Accident,Side-Impact Collision,Passive Collision (Third-Party/External Liability)
4496,1187387064153440256,8B5069W1,api,us-east-1,s3://fleet.test/clip/c6329dff7db740a2848b9d34ca6bd7af/default/8B5069W1/1187387064153440256/1280x1080/32768.mp4,tao.jiang,2026-04-08 18:37:47,event_collision_01_01_05_002,Collision Detected,Collision - Accident,Other Collision Accident,Passive Collision (Third-Party/External Liability)
4498,1187500612418437120,8B50295M,api,us-east-1,s3://fleet.test/clip/c6329dff7db740a2848b9d34ca6bd7af/default/8B50295M/1187500612418437120/1280x1080/32768.mp4,vincent.sun,2026-04-08 18:37:29,event_collision_01_01_05_002,Collision Detected,Collision - Accident,Other Collision Accident,Passive Collision (Third-Party/External Liability)
4500,1187399529901752320,6B300JMS,api,us-east-1,s3://fleet.test/clip/c6329dff7db740a2848b9d34ca6bd7af/default/6B300JMS/1187399529901752320/1280x1080/32768.mp4,vincent.sun,2026-04-08 18:36:54,event_collision_01_01_04_001,Collision Detected,Collision - Accident,Severe Road Surface Variation,Active Collision (Own Liability)
4501,1187375433809821696,8B5001E1,api,us-east-1,s3://fleet.test/clip/c6329dff7db740a2848b9d34ca6bd7af/default/8B5001E1/1187375433809821696/1280x1080/32768.mp4,vincent.sun,2026-04-08 18:36:44,event_collision_01_01_02_001,Collision Detected,Collision - Accident,Rear-End Collision,Active Collision (Own Liability)
4503,1186730315616518144,8B50651Y,api,us-east-1,s3://fleet.test/clip/c6329dff7db740a2848b9d34ca6bd7af/default/8B50651Y/1186730315616518144/1280x1080/32768.mp4,vincent.sun,2026-04-08 18:35:24,event_collision_01_01_04_001,Collision Detected,Collision - Accident,Severe Road Surface Variation,Active Collision (Own Liability)
4504,1186665090204729344,8D30127W,api,us-east-1,s3://fleet.test/clip/2410311593904d3fbd364634b75f71d6/default/8D30127W/1186665090204729344/1280x1080/32768.mp4,vincent.sun,2026-04-08 18:35:05,event_collision_01_02_002,Collision Detected,Collision - Non-Accident,Operational Collision (Snow Plowing/Earthwork),
4507,1186409024636223488,6B2D88EH,api,us-east-1,s3://fleet.test/clip/2410311593904d3fbd364634b75f71d6/default/6B2D88EH/1186409024636223488/1280x1080/32768.mp4,vincent.sun,2026-04-08 18:34:24,event_collision_01_02_002,Collision Detected,Collision - Non-Accident,Operational Collision (Snow Plowing/Earthwork),
4508,1186367671512498176,8B501148,api,us-east-1,s3://fleet.test/clip/c6329dff7db740a2848b9d34ca6bd7af/default/8B501148/1186367671512498176/1280x1080/32768.mp4,vincent.sun,2026-04-08 18:34:07,event_collision_01_01_04_001,Collision Detected,Collision - Accident,Severe Road Surface Variation,Active Collision (Own Liability)
4511,1184926836380041216,6B3079R6,api,us-east-1,s3://fleet.test/clip/7199139d72264745a28294e21974b6f3/default/6B3079R6/1184926836380041216/1280x1080/32768.mp4,tao.jiang,2026-04-08 18:11:41,event_collision_01_01_03_001,Collision Detected,Collision - Accident,Side-Impact Collision,Active Collision (Own Liability)
4514,1184547012511694848,8B5233FC,api,us-east-1,s3://fleet.test/clip/c6329dff7db740a2848b9d34ca6bd7af/default/8B5233FC/1184547012511694848/1280x1080/32768.mp4,tao.jiang,2026-04-08 18:06:16,event_collision_01_01_05_002,Collision Detected,Collision - Accident,Other Collision Accident,Passive Collision (Third-Party/External Liability)
4515,1184608067963224064,8D3012BJ,api,us-east-1,s3://fleet.test/clip/2410311593904d3fbd364634b75f71d6/default/8D3012BJ/1184608067963224064/1920x1080/1.mp4,vincent.sun,2026-04-08 18:06:10,event_collision_01_01_02_001,Collision Detected,Collision - Accident,Rear-End Collision,Active Collision (Own Liability)
4516,1184482141375987712,8B5087GA,api,us-east-1,s3://fleet.test/clip/c6329dff7db740a2848b9d34ca6bd7af/default/8B5087GA/1184482141375987712/1280x1080/32768.mp4,vincent.sun,2026-04-08 18:05:56,event_collision_01_01_06_001,Collision Detected,Collision - Accident,Head-On Collision,Active Collision (Own Liability)
4519,1184144737741996032,8B50633Y,api,us-east-1,s3://fleet.test/clip/c6329dff7db740a2848b9d34ca6bd7af/default/8B50633Y/1184144737741996032/1280x1080/32768.mp4,tao.jiang,2026-04-08 18:05:22,event_collision_01_01_03_002,Collision Detected,Collision - Accident,Side-Impact Collision,Passive Collision (Third-Party/External Liability)
4520,1184182872463015936,8B5026H9,api,us-east-1,s3://fleet.test/clip/c6329dff7db740a2848b9d34ca6bd7af/default/8B5026H9/1184182872463015936/1280x1080/32768.mp4,vincent.sun,2026-04-08 18:05:11,event_collision_01_01_04_001,Collision Detected,Collision - Accident,Severe Road Surface Variation,Active Collision (Own Liability)
4521,1183950734002126848,8B5054HQ,api,us-east-1,s3://fleet.test/clip/c6329dff7db740a2848b9d34ca6bd7af/default/8B5054HQ/1183950734002126848/1280x1080/32768.mp4,vincent.sun,2026-04-08 18:04:27,event_collision_01_01_04_001,Collision Detected,Collision - Accident,Severe Road Surface Variation,Active Collision (Own Liability)
4524,1058135259260026880,8B50433G,api,us-east-1,s3://fleet.test/clip/c6329dff7db740a2848b9d34ca6bd7af/default/8B50433G/1058135259260026880/1280x1080/32768.mp4,qianjing.jia,2026-04-08 15:06:04,event_collision_01_01_05_001,Collision Detected,Collision - Accident,Other Collision Accident,Active Collision (Own Liability)
4527,1201544569976684544,8D30115Z,api,us-east-1,s3://fleet.test/clip/2410311593904d3fbd364634b75f71d6/default/8D30115Z/1201544569976684544/1280x1080/32768.mp4,vincent.sun,2026-04-08 14:39:08,event_collision_01_02_002,Collision Detected,Collision - Non-Accident,Operational Collision (Snow Plowing/Earthwork),
4528,1057674574768013312,8B5043Z2,api,us-east-1,s3://fleet.test/clip/c6329dff7db740a2848b9d34ca6bd7af/default/8B5043Z2/1057674574768013312/1280x1080/32768.mp4,vincent.sun,2026-04-08 14:37:45,event_collision_01_01_02_001,Collision Detected,Collision - Accident,Rear-End Collision,Active Collision (Own Liability)
4530,1056931584218923008,8B5063PR,api,us-east-1,s3://fleet.test/clip/c6329dff7db740a2848b9d34ca6bd7af/default/8B5063PR/1056931584218923008/1280x1080/32768.mp4,vincent.sun,2026-04-08 14:36:29,event_collision_01_01_05_001,Collision Detected,Collision - Accident,Other Collision Accident,Active Collision (Own Liability)
4531,1056881890390343680,8B50534W,api,us-east-1,s3://fleet.test/clip/c6329dff7db740a2848b9d34ca6bd7af/default/8B50534W/1056881890390343680/1280x1080/32768.mp4,vincent.sun,2026-04-08 14:35:08,event_collision_01_01_02_001,Collision Detected,Collision - Accident,Rear-End Collision,Active Collision (Own Liability)
4532,1054743539877052416,8B50017B,api,us-east-1,s3://fleet.test/clip/c6329dff7db740a2848b9d34ca6bd7af/default/8B50017B/1054743539877052416/1280x1080/32768.mp4,vincent.sun,2026-04-08 14:34:53,event_collision_01_01_02_001,Collision Detected,Collision - Accident,Rear-End Collision,Active Collision (Own Liability)
4533,1054099044076519424,8B5067R5,api,us-east-1,s3://fleet.test/clip/c6329dff7db740a2848b9d34ca6bd7af/default/8B5067R5/1054099044076519424/1280x1080/32768.mp4,vincent.sun,2026-04-08 14:34:20,event_collision_01_01_05_002,Collision Detected,Collision - Accident,Other Collision Accident,Passive Collision (Third-Party/External Liability)
4534,1052259809363132416,8B401415,api,us-east-1,s3://fleet.test/clip/c6329dff7db740a2848b9d34ca6bd7af/default/8B401415/1052259809363132416/1280x1080/32768.mp4,vincent.sun,2026-04-08 14:32:45,event_collision_01_01_05_002,Collision Detected,Collision - Accident,Other Collision Accident,Passive Collision (Third-Party/External Liability)
4535,1052713298325307392,8B506153,api,us-east-1,s3://fleet.test/clip/c6329dff7db740a2848b9d34ca6bd7af/default/8B506153/1052713298325307392/1280x1080/32768.mp4,qianjing.jia,2026-04-08 14:32:36,event_collision_01_01_05_001,Collision Detected,Collision - Accident,Other Collision Accident,Active Collision (Own Liability)
4536,1051934569793748992,8B5102KZ,api,us-east-1,s3://fleet.test/clip/c6329dff7db740a2848b9d34ca6bd7af/default/8B5102KZ/1051934569793748992/1280x1080/32768.mp4,qianjing.jia,2026-04-08 14:32:12,event_collision_01_01_05_002,Collision Detected,Collision - Accident,Other Collision Accident,Passive Collision (Third-Party/External Liability)
4537,1051520811044864000,6B302SQM,api,us-east-1,s3://fleet.test/clip/c6329dff7db740a2848b9d34ca6bd7af/default/6B302SQM/1051520811044864000/1280x1080/32768.mp4,vincent.sun,2026-04-08 14:31:45,event_collision_01_01_02_001,Collision Detected,Collision - Accident,Rear-End Collision,Active Collision (Own Liability)
4538,1050441684879572992,8B5067M4,api,us-east-1,s3://fleet.test/clip/c6329dff7db740a2848b9d34ca6bd7af/default/8B5067M4/1050441684879572992/1280x1080/32768.mp4,qianjing.jia,2026-04-08 14:31:18,event_collision_01_01_05_001,Collision Detected,Collision - Accident,Other Collision Accident,Active Collision (Own Liability)
4540,1049324960734150656,8B50010X,api,us-east-1,s3://fleet.test/clip/c6329dff7db740a2848b9d34ca6bd7af/default/8B50010X/1049324960734150656/1280x1080/32768.mp4,qianjing.jia,2026-04-08 14:30:42,event_collision_01_01_05_001,Collision Detected,Collision - Accident,Other Collision Accident,Active Collision (Own Liability)
4541,1047621017507364864,8B5065SV,api,us-east-1,s3://fleet.test/clip/c6329dff7db740a2848b9d34ca6bd7af/default/8B5065SV/1047621017507364864/1280x1080/32768.mp4,qianjing.jia,2026-04-08 14:30:15,event_collision_01_01_05_001,Collision Detected,Collision - Accident,Other Collision Accident,Active Collision (Own Liability)
4542,1047642018106474496,6B305416,api,us-east-1,s3://fleet.test/clip/c6329dff7db740a2848b9d34ca6bd7af/default/6B305416/1047642018106474496/1280x1080/32768.mp4,vincent.sun,2026-04-08 14:30:11,event_collision_01_01_02_001,Collision Detected,Collision - Accident,Rear-End Collision,Active Collision (Own Liability)
4543,1047553150418059264,8D3001L9,api,us-east-1,s3://fleet.test/clip/c6329dff7db740a2848b9d34ca6bd7af/default/8D3001L9/1047553150418059264/1280x1080/32768.mp4,vincent.sun,2026-04-08 14:29:41,event_collision_01_01_04_001,Collision Detected,Collision - Accident,Severe Road Surface Variation,Active Collision (Own Liability)
4544,1047544195121840128,8D3012XC,api,us-east-1,s3://fleet.test/clip/c6329dff7db740a2848b9d34ca6bd7af/default/8D3012XC/1047544195121840128/1280x1080/32768.mp4,qianjing.jia,2026-04-08 14:29:33,event_collision_01_01_05_001,Collision Detected,Collision - Accident,Other Collision Accident,Active Collision (Own Liability)
4545,1047519854694924288,6B300FNV,api,us-east-1,s3://fleet.test/clip/c6329dff7db740a2848b9d34ca6bd7af/default/6B300FNV/1047519854694924288/1280x1080/32768.mp4,vincent.sun,2026-04-08 14:29:24,event_collision_01_01_04_001,Collision Detected,Collision - Accident,Severe Road Surface Variation,Active Collision (Own Liability)
4546,1045388473089032192,8B5033SR,api,us-east-1,s3://fleet.test/clip/c6329dff7db740a2848b9d34ca6bd7af/default/8B5033SR/1045388473089032192/1280x1080/32768.mp4,qianjing.jia,2026-04-08 14:29:05,event_collision_01_01_05_001,Collision Detected,Collision - Accident,Other Collision Accident,Active Collision (Own Liability)
4547,1045736915661389824,8B3000ZC,api,us-east-1,s3://fleet.test/clip/c6329dff7db740a2848b9d34ca6bd7af/default/8B3000ZC/1045736915661389824/1280x1080/32768.mp4,vincent.sun,2026-04-08 14:28:59,event_collision_01_01_05_002,Collision Detected,Collision - Accident,Other Collision Accident,Passive Collision (Third-Party/External Liability)
4548,1045326504910815232,8B5031PU,api,us-east-1,s3://fleet.test/clip/c6329dff7db740a2848b9d34ca6bd7af/default/8B5031PU/1045326504910815232/1280x1080/32768.mp4,vincent.sun,2026-04-08 14:28:38,event_collision_01_01_03_002,Collision Detected,Collision - Accident,Side-Impact Collision,Passive Collision (Third-Party/External Liability)
4550,1045308149793456128,8B4011EJ,api,us-east-1,s3://fleet.test/clip/c6329dff7db740a2848b9d34ca6bd7af/default/8B4011EJ/1045308149793456128/1280x1080/32768.mp4,qianjing.jia,2026-04-08 14:28:02,event_collision_01_01_02_001,Collision Detected,Collision - Accident,Rear-End Collision,Active Collision (Own Liability)
4551,1045105794653257728,8B5067RR,api,us-east-1,s3://fleet.test/clip/c6329dff7db740a2848b9d34ca6bd7af/default/8B5067RR/1045105794653257728/1280x1080/32768.mp4,vincent.sun,2026-04-08 14:27:50,event_collision_01_01_02_001,Collision Detected,Collision - Accident,Rear-End Collision,Active Collision (Own Liability)
4553,1045053778568577024,8B5029JC,api,us-east-1,s3://fleet.test/clip/c6329dff7db740a2848b9d34ca6bd7af/default/8B5029JC/1045053778568577024/1280x1080/32768.mp4,vincent.sun,2026-04-08 14:27:34,event_collision_01_01_02_001,Collision Detected,Collision - Accident,Rear-End Collision,Active Collision (Own Liability)
4554,1044954506858758144,8B5026ME,api,us-east-1,s3://fleet.test/clip/c6329dff7db740a2848b9d34ca6bd7af/default/8B5026ME/1044954506858758144/1280x1080/32768.mp4,vincent.sun,2026-04-08 14:27:07,event_collision_01_01_02_001,Collision Detected,Collision - Accident,Rear-End Collision,Active Collision (Own Liability)
4557,1042927984341843968,8B50248J,api,us-east-1,s3://fleet.test/clip/c6329dff7db740a2848b9d34ca6bd7af/default/8B50248J/1042927984341843968/1280x1080/32768.mp4,qianjing.jia,2026-04-08 14:25:53,event_collision_01_01_03_002,Collision Detected,Collision - Accident,Side-Impact Collision,Passive Collision (Third-Party/External Liability)
4558,1043285522723799040,6B3078Q2,api,us-east-1,s3://fleet.test/clip/c6329dff7db740a2848b9d34ca6bd7af/default/6B3078Q2/1043285522723799040/1280x1080/32768.mp4,vincent.sun,2026-04-08 14:25:39,event_collision_01_01_02_002,Collision Detected,Collision - Accident,Rear-End Collision,Passive Collision (Third-Party/External Liability)
4559,1042489195605688320,8B3000NW,api,us-east-1,s3://fleet.test/clip/c6329dff7db740a2848b9d34ca6bd7af/default/8B3000NW/1042489195605688320/1280x1080/32768.mp4,vincent.sun,2026-04-08 14:24:47,event_collision_01_01_03_003,Collision Detected,Collision - Accident,Side-Impact Collision,Liability Undetermined
4562,1042163083906285568,8B5087JH,api,us-east-1,s3://fleet.test/clip/c6329dff7db740a2848b9d34ca6bd7af/default/8B5087JH/1042163083906285568/1280x1080/32768.mp4,qianjing.jia,2026-04-08 14:23:34,event_collision_01_01_02_001,Collision Detected,Collision - Accident,Rear-End Collision,Active Collision (Own Liability)
4563,1041696182822404096,8B5029EG,api,us-east-1,s3://fleet.test/clip/c6329dff7db740a2848b9d34ca6bd7af/default/8B5029EG/1041696182822404096/1280x1080/32768.mp4,qianjing.jia,2026-04-08 14:23:02,event_collision_01_01_05_001,Collision Detected,Collision - Accident,Other Collision Accident,Active Collision (Own Liability)
4564,1041429960411217920,8B5052E1,api,us-east-1,s3://fleet.test/clip/c6329dff7db740a2848b9d34ca6bd7af/default/8B5052E1/1041429960411217920/1280x1080/32768.mp4,qianjing.jia,2026-04-08 14:22:49,event_collision_01_01_05_001,Collision Detected,Collision - Accident,Other Collision Accident,Active Collision (Own Liability)
4565,1040618214175965184,8B5064M4,api,us-east-1,s3://fleet.test/clip/c6329dff7db740a2848b9d34ca6bd7af/default/8B5064M4/1040618214175965184/1280x1080/32768.mp4,qianjing.jia,2026-04-08 14:22:31,event_collision_01_01_02_001,Collision Detected,Collision - Accident,Rear-End Collision,Active Collision (Own Liability)
4566,1040379503840493568,8B50275D,api,us-east-1,s3://fleet.test/clip/c6329dff7db740a2848b9d34ca6bd7af/default/8B50275D/1040379503840493568/1280x1080/32768.mp4,qianjing.jia,2026-04-08 14:22:15,event_collision_01_01_03_002,Collision Detected,Collision - Accident,Side-Impact Collision,Passive Collision (Third-Party/External Liability)
4567,1039590557141336064,8B505231,api,us-east-1,s3://fleet.test/clip/c6329dff7db740a2848b9d34ca6bd7af/default/8B505231/1039590557141336064/1280x1080/32768.mp4,qianjing.jia,2026-04-08 14:21:50,event_collision_01_01_05_003,Collision Detected,Collision - Accident,Other Collision Accident,Liability Undetermined
4568,1039697655913152512,8B5044DE,api,us-east-1,s3://fleet.test/clip/c6329dff7db740a2848b9d34ca6bd7af/default/8B5044DE/1039697655913152512/1280x1080/32768.mp4,qianjing.jia,2026-04-08 14:21:24,event_collision_01_01_05_001,Collision Detected,Collision - Accident,Other Collision Accident,Active Collision (Own Liability)
4570,1039519854748663808,8B5068GY,api,us-east-1,s3://fleet.test/clip/c6329dff7db740a2848b9d34ca6bd7af/default/8B5068GY/1039519854748663808/1280x1080/32768.mp4,qianjing.jia,2026-04-08 14:18:53,event_collision_01_01_05_001,Collision Detected,Collision - Accident,Other Collision Accident,Active Collision (Own Liability)
4571,1038102356455227392,8B50220Q,api,us-east-1,s3://fleet.test/clip/c6329dff7db740a2848b9d34ca6bd7af/default/8B50220Q/1038102356455227392/1280x1080/32768.mp4,qianjing.jia,2026-04-08 14:17:30,event_collision_01_01_03_002,Collision Detected,Collision - Accident,Side-Impact Collision,Passive Collision (Third-Party/External Liability)
4572,1037859678886985728,8B40110H,api,us-east-1,s3://fleet.test/clip/c6329dff7db740a2848b9d34ca6bd7af/default/8B40110H/1037859678886985728/1280x1080/32768.mp4,qianjing.jia,2026-04-08 14:16:50,event_collision_01_01_03_002,Collision Detected,Collision - Accident,Side-Impact Collision,Passive Collision (Third-Party/External Liability)
4573,1037858400370851840,8B5026QS,api,us-east-1,s3://fleet.test/clip/c6329dff7db740a2848b9d34ca6bd7af/default/8B5026QS/1037858400370851840/1280x1080/32768.mp4,qianjing.jia,2026-04-08 14:15:23,event_collision_01_01_03_003,Collision Detected,Collision - Accident,Side-Impact Collision,Liability Undetermined
4574,1037726910194548736,8B50513J,api,us-east-1,s3://fleet.test/clip/c6329dff7db740a2848b9d34ca6bd7af/default/8B50513J/1037726910194548736/1280x1080/32768.mp4,qianjing.jia,2026-04-08 14:12:54,event_collision_01_01_03_001,Collision Detected,Collision - Accident,Side-Impact Collision,Active Collision (Own Liability)
4575,1037721168376922112,8B5069V3,api,us-east-1,s3://fleet.test/clip/c6329dff7db740a2848b9d34ca6bd7af/default/8B5069V3/1037721168376922112/1280x1080/32768.mp4,qianjing.jia,2026-04-08 14:11:53,event_collision_01_01_03_002,Collision Detected,Collision - Accident,Side-Impact Collision,Passive Collision (Third-Party/External Liability)
4576,1037708376924127232,8B5083AW,api,us-east-1,s3://fleet.test/clip/c6329dff7db740a2848b9d34ca6bd7af/default/8B5083AW/1037708376924127232/1280x1080/32768.mp4,qianjing.jia,2026-04-08 14:11:14,event_collision_01_01_05_001,Collision Detected,Collision - Accident,Other Collision Accident,Active Collision (Own Liability)
4577,1037513411170304000,8B40132N,api,us-east-1,s3://fleet.test/clip/c6329dff7db740a2848b9d34ca6bd7af/default/8B40132N/1037513411170304000/1280x1080/32768.mp4,qianjing.jia,2026-04-08 14:10:29,event_collision_01_01_05_001,Collision Detected,Collision - Accident,Other Collision Accident,Active Collision (Own Liability)
4580,1037090985630400512,8B5029MP,api,us-east-1,s3://fleet.test/clip/c6329dff7db740a2848b9d34ca6bd7af/default/8B5029MP/1037090985630400512/1280x1080/32768.mp4,qianjing.jia,2026-04-08 14:08:34,event_collision_01_01_05_001,Collision Detected,Collision - Accident,Other Collision Accident,Active Collision (Own Liability)
4581,1037125685199667200,8B4011Q7,api,us-east-1,s3://fleet.test/clip/c6329dff7db740a2848b9d34ca6bd7af/default/8B4011Q7/1037125685199667200/1280x1080/32768.mp4,qianjing.jia,2026-04-08 14:07:52,event_collision_01_01_05_001,Collision Detected,Collision - Accident,Other Collision Accident,Active Collision (Own Liability)
4603,1036357576931049472,8B5022Z1,api,us-east-1,s3://fleet.test/clip/c6329dff7db740a2848b9d34ca6bd7af/default/8B5022Z1/1036357576931049472/1280x1080/32768.mp4,vincent.sun,2026-04-08 11:48:38,event_collision_01_01_04_001,Collision Detected,Collision - Accident,Severe Road Surface Variation,Active Collision (Own Liability)
4605,1036257535834882048,8B40114H,api,us-east-1,s3://fleet.test/clip/c6329dff7db740a2848b9d34ca6bd7af/default/8B40114H/1036257535834882048/1280x1080/32768.mp4,vincent.sun,2026-04-08 11:48:24,event_collision_01_01_04_001,Collision Detected,Collision - Accident,Severe Road Surface Variation,Active Collision (Own Liability)
4606,1035657850241843200,8B4011GC,api,us-east-1,s3://fleet.test/clip/c6329dff7db740a2848b9d34ca6bd7af/default/8B4011GC/1035657850241843200/1280x1080/32768.mp4,vincent.sun,2026-04-08 11:47:52,event_collision_01_01_02_001,Collision Detected,Collision - Accident,Rear-End Collision,Active Collision (Own Liability)
4607,1035256032638697472,8B503357,api,us-east-1,s3://fleet.test/clip/c6329dff7db740a2848b9d34ca6bd7af/default/8B503357/1035256032638697472/1280x1080/32768.mp4,vincent.sun,2026-04-08 11:47:39,event_collision_01_01_02_001,Collision Detected,Collision - Accident,Rear-End Collision,Active Collision (Own Liability)
4608,1034921926847528960,8B5029KF,api,us-east-1,s3://fleet.test/clip/c6329dff7db740a2848b9d34ca6bd7af/default/8B5029KF/1034921926847528960/1280x1080/32768.mp4,tao.jiang,2026-04-08 10:20:11,event_collision_01_01_05_001,Collision Detected,Collision - Accident,Other Collision Accident,Active Collision (Own Liability)
4672,1201167794696257536,8B505223,api,us-east-1,s3://fleet.test/clip/c6329dff7db740a2848b9d34ca6bd7af/default/8B505223/1201167794696257536/1280x1080/32768.mp4,tao.jiang,2026-04-07 14:38:28,event_collision_01_01_03_002,Collision Detected,Collision - Accident,Side-Impact Collision,Passive Collision (Third-Party/External Liability)
4673,1200160689243717632,8B51718V,api,us-east-1,s3://fleet.test/clip/c6329dff7db740a2848b9d34ca6bd7af/default/8B51718V/1200160689243717632/1280x1080/32768.mp4,tao.jiang,2026-04-07 14:34:25,event_collision_01_01_02_001,Collision Detected,Collision - Accident,Rear-End Collision,Active Collision (Own Liability)
4684,1198877113856458752,8B5041K3,api,us-east-1,s3://fleet.test/clip/137605d3d9994bab86225422f3b7c964/default/8B5041K3/1198877113856458752/1280x1080/32768.mp4,tao.jiang,2026-04-07 14:28:43,event_collision_01_02_003,Collision Detected,Collision - Non-Accident,Other Non-Accident Scenario,
4691,1199099794568650752,6B5131CF,gpst,us-east-2,s3://vidfleet.prod/clip/c183476899d441ce8bd404636c34d85c/default/6B5131CF/1199099794568650752/1280x1080/32768.mp4,tao.jiang,2026-04-07 14:18:35,event_collision_01_02_003,Collision Detected,Collision - Non-Accident,Other Non-Accident Scenario,
4701,1199536276278222848,8B51428Y,gpst,us-east-2,s3://vidfleet.prod/clip/c183476899d441ce8bd404636c34d85c/default/8B51428Y/1199536276278222848/1280x1080/32768.mp4,vincent.sun,2026-04-07 14:01:45,event_collision_01_01_04_001,Collision Detected,Collision - Accident,Severe Road Surface Variation,Active Collision (Own Liability)
4703,1201201278257102848,8B506327,api,us-east-1,s3://fleet.test/clip/c6329dff7db740a2848b9d34ca6bd7af/default/8B506327/1201201278257102848/1280x1080/32768.mp4,vincent.sun,2026-04-07 14:00:48,event_collision_01_01_02_001,Collision Detected,Collision - Accident,Rear-End Collision,Active Collision (Own Liability)
4707,1199108165598347264,8B5041GF,api,us-east-1,s3://fleet.test/clip/137605d3d9994bab86225422f3b7c964/default/8B5041GF/1199108165598347264/1280x1080/32768.mp4,yingying.luo,2026-04-03 19:07:33,event_collision_01_01_02_002,Collision Detected,Collision - Accident,Rear-End Collision,Passive Collision (Third-Party/External Liability)
4714,1199051118768955392,8B514319,gpst,us-east-2,s3://vidfleet.prod/clip/c183476899d441ce8bd404636c34d85c/default/8B514319/1199051118768955392/1280x1080/32768.mp4,vincent.sun,2026-04-01 15:57:25,event_collision_01_02_001,Collision Detected,Collision - Non-Accident,Non-Accident Reverse (Docking/Coupling),
4716,1199057410275311616,8B5028F3,api,us-east-1,s3://fleet.test/clip/c6329dff7db740a2848b9d34ca6bd7af/default/8B5028F3/1199057410275311616/1280x1080/32768.mp4,vincent.sun,2026-04-01 15:56:12,event_collision_01_01_04_001,Collision Detected,Collision - Accident,Severe Road Surface Variation,Active Collision (Own Liability)
4853,1198627267006308352,6B30163Q,gpst,us-east-2,s3://vidfleet.prod/clip/c183476899d441ce8bd404636c34d85c/default/6B30163Q/1198627267006308352/1280x1080/32768.mp4,tao.jiang,2026-04-01 10:18:41,event_collision_01_02_003,Collision Detected,Collision - Non-Accident,Other Non-Accident Scenario,
4858,1198642709909348352,6B301G58,gpst,us-east-2,s3://vidfleet.prod/clip/c183476899d441ce8bd404636c34d85c/default/6B301G58/1198642709909348352/1280x1080/32768.mp4,tao.jiang,2026-04-01 10:15:44,event_collision_01_02_001,Collision Detected,Collision - Non-Accident,Non-Accident Reverse (Docking/Coupling),
4913,1198742482909822976,6B303L16,api,us-east-1,s3://fleet.test/clip/7199139d72264745a28294e21974b6f3/default/6B303L16/1198742482909822976/1280x1080/32768.mp4,vincent.sun,2026-03-31 16:57:40,event_collision_01_01_03_003,Collision Detected,Collision - Accident,Side-Impact Collision,Liability Undetermined
4915,1198745577328902144,8B5041LK,api,us-east-1,s3://fleet.test/clip/137605d3d9994bab86225422f3b7c964/default/8B5041LK/1198745577328902144/1280x1080/32768.mp4,vincent.sun,2026-03-31 16:55:11,event_collision_01_02_002,Collision Detected,Collision - Non-Accident,Operational Collision (Snow Plowing/Earthwork),
4925,1198634510758084608,8B5041N5,api,us-east-1,s3://fleet.test/clip/268515b6e04e48e5838a3fcfed63d65c/default/8B5041N5/1198634510758084608/1280x1080/32768.mp4,qianjing.jia,2026-03-31 15:28:52,event_collision_01_02_001,Collision Detected,Collision - Non-Accident,Non-Accident Reverse (Docking/Coupling),
4933,1198566323798548480,8D5031AS,gpst,us-east-2,s3://vidfleet.prod/clip/c183476899d441ce8bd404636c34d85c/default/8D5031AS/1198566323798548480/1280x1080/32768.mp4,tao.jiang,2026-03-31 14:54:22,event_collision_01_02_001,Collision Detected,Collision - Non-Accident,Non-Accident Reverse (Docking/Coupling),
5018,1198248978005762048,8B5223EG,gpst,us-east-2,s3://vidfleet.prod/clip/c183476899d441ce8bd404636c34d85c/default/8B5223EG/1198248978005762048/1280x1080/32768.mp4,vincent.sun,2026-03-31 13:41:46,event_collision_01_02_001,Collision Detected,Collision - Non-Accident,Non-Accident Reverse (Docking/Coupling),
5028,1197935926882476032,8B5181H4,gpst,us-east-2,s3://vidfleet.prod/clip/c183476899d441ce8bd404636c34d85c/default/8B5181H4/1197935926882476032/1280x1080/32768.mp4,tao.jiang,2026-03-31 13:38:47,event_collision_01_02_003,Collision Detected,Collision - Non-Accident,Other Non-Accident Scenario,
5072,1197198052851589120,6B513290,gpst,us-east-2,s3://vidfleet.prod/clip/c183476899d441ce8bd404636c34d85c/default/6B513290/1197198052851589120/1280x1080/32768.mp4,tao.jiang,2026-03-31 13:32:00,event_collision_01_02_003,Collision Detected,Collision - Non-Accident,Other Non-Accident Scenario,
5086,1197262312600379392,6B301B0T,gpst,us-east-2,s3://vidfleet.prod/clip/c183476899d441ce8bd404636c34d85c/default/6B301B0T/1197262312600379392/1280x1080/32768.mp4,vincent.sun,2026-03-31 13:29:43,event_collision_01_01_03_001,Collision Detected,Collision - Accident,Side-Impact Collision,Active Collision (Own Liability)
5145,1196223889492049920,8B5041MF,api,us-east-1,s3://fleet.test/clip/137605d3d9994bab86225422f3b7c964/default/8B5041MF/1196223889492049920/1280x1080/32768.mp4,tao.jiang,2026-03-31 12:11:40,event_collision_01_02_001,Collision Detected,Collision - Non-Accident,Non-Accident Reverse (Docking/Coupling),
5183,1197573338457841664,6B301C9Y,gpst,us-east-2,s3://vidfleet.prod/clip/c183476899d441ce8bd404636c34d85c/default/6B301C9Y/1197573338457841664/1280x1080/32768.mp4,tao.jiang,2026-03-31 10:37:34,event_collision_01_01_02_001,Collision Detected,Collision - Accident,Rear-End Collision,Active Collision (Own Liability)
5184,1197571274084327424,6B3014MM,gpst,us-east-2,s3://vidfleet.prod/clip/c183476899d441ce8bd404636c34d85c/default/6B3014MM/1197571274084327424/1280x1080/32768.mp4,tao.jiang,2026-03-31 10:36:51,event_collision_01_01_03_003,Collision Detected,Collision - Accident,Side-Impact Collision,Liability Undetermined
5186,1197277728202694656,6B5132GB,gpst,us-east-2,s3://vidfleet.prod/clip/c183476899d441ce8bd404636c34d85c/default/6B5132GB/1197277728202694656/1280x1080/32768.mp4,tao.jiang,2026-03-31 10:35:54,event_collision_01_02_003,Collision Detected,Collision - Non-Accident,Other Non-Accident Scenario,
5187,1197898257204912128,6B301443,gpst,us-east-2,s3://vidfleet.prod/clip/c183476899d441ce8bd404636c34d85c/default/6B301443/1197898257204912128/1280x1080/32768.mp4,vincent.sun,2026-03-31 10:32:54,event_collision_01_02_003,Collision Detected,Collision - Non-Accident,Other Non-Accident Scenario,
5190,1197264296858492929,8B5122W9,gpst,us-east-2,s3://vidfleet.prod/clip/c183476899d441ce8bd404636c34d85c/default/8B5122W9/1197264296858492929/1280x1080/32768.mp4,tao.jiang,2026-03-31 10:31:40,event_collision_01_01_05_001,Collision Detected,Collision - Accident,Other Collision Accident,Active Collision (Own Liability)
5202,1196845969564639232,6B3018VK,gpst,us-east-2,s3://vidfleet.prod/clip/c183476899d441ce8bd404636c34d85c/default/6B3018VK/1196845969564639232/1280x1080/32768.mp4,tao.jiang,2026-03-31 10:28:32,event_collision_01_01_05_001,Collision Detected,Collision - Accident,Other Collision Accident,Active Collision (Own Liability)
5237,1196829581793984512,8B504412,api,us-east-1,s3://fleet.test/clip/c6329dff7db740a2848b9d34ca6bd7af/default/8B504412/1196829581793984512/1280x1080/32768.mp4,tao.jiang,2026-03-31 10:14:45,event_collision_01_01_03_003,Collision Detected,Collision - Accident,Side-Impact Collision,Liability Undetermined
5279,1194675730554978304,8B5041KN,api,us-east-1,s3://fleet.test/clip/137605d3d9994bab86225422f3b7c964/default/8B5041KN/1194675730554978304/1280x1080/32768.mp4,vincent.sun,2026-03-30 18:54:31,event_collision_01_01_02_001,Collision Detected,Collision - Accident,Rear-End Collision,Active Collision (Own Liability)
5330,1198233694029094912,6B31110X,gpst,us-east-2,s3://vidfleet.prod/clip/8a4b5e9b4dad4f7595cdf86e5ec8c8ca/default/6B31110X/1198233694029094912/1280x1080/32768.mp4,vincent.sun,2026-03-30 14:33:35,event_collision_01_01_05_001,Collision Detected,Collision - Accident,Other Collision Accident,Active Collision (Own Liability)
5336,1198236952307073024,8B5032NT,api,us-east-1,s3://fleet.test/clip/c6329dff7db740a2848b9d34ca6bd7af/default/8B5032NT/1198236952307073024/1280x1080/32768.mp4,vincent.sun,2026-03-30 12:19:08,event_collision_01_01_05_001,Collision Detected,Collision - Accident,Other Collision Accident,Active Collision (Own Liability)
5338,1197724999482482688,8B5124TG,gpst,us-east-2,s3://vidfleet.prod/clip/c183476899d441ce8bd404636c34d85c/default/8B5124TG/1197724999482482688/1280x1080/32768.mp4,vincent.sun,2026-03-30 12:11:25,event_collision_01_01_04_001,Collision Detected,Collision - Accident,Severe Road Surface Variation,Active Collision (Own Liability)
5341,1197325316687798272,8C50918H,gpst,us-east-2,s3://vidfleet.prod/clip/c183476899d441ce8bd404636c34d85c/default/8C50918H/1197325316687798272/1280x720/2.mp4,vincent.sun,2026-03-30 12:09:08,event_collision_01_01_02_002,Collision Detected,Collision - Accident,Rear-End Collision,Passive Collision (Third-Party/External Liability)
5342,1197323820780888064,6B3014MP,gpst,us-east-2,s3://vidfleet.prod/clip/c183476899d441ce8bd404636c34d85c/default/6B3014MP/1197323820780888064/1280x1080/32768.mp4,vincent.sun,2026-03-30 12:08:22,event_collision_01_02_003,Collision Detected,Collision - Non-Accident,Other Non-Accident Scenario,
5346,1196869181828636672,8B5123JX,gpst,us-east-2,s3://vidfleet.prod/clip/c183476899d441ce8bd404636c34d85c/default/8B5123JX/1196869181828636672/1280x1080/32768.mp4,vincent.sun,2026-03-30 12:06:43,event_collision_01_02_002,Collision Detected,Collision - Non-Accident,Operational Collision (Snow Plowing/Earthwork),
5348,1196786929954332672,8B5142AP,gpst,us-east-2,s3://vidfleet.prod/clip/c183476899d441ce8bd404636c34d85c/default/8B5142AP/1196786929954332672/1280x1080/32768.mp4,vincent.sun,2026-03-30 11:58:06,event_collision_01_01_02_001,Collision Detected,Collision - Accident,Rear-End Collision,Active Collision (Own Liability)
5350,1197883066396344320,8B5102T7,api,us-east-1,s3://fleet.test/clip/7199139d72264745a28294e21974b6f3/default/8B5102T7/1197883066396344320/1280x1080/32768.mp4,vincent.sun,2026-03-30 11:46:02,event_collision_01_01_02_003,Collision Detected,Collision - Accident,Rear-End Collision,Liability Undetermined
5361,1194732416896499712,6B306N2M,api,us-east-1,s3://fleet.test/clip/c6329dff7db740a2848b9d34ca6bd7af/default/6B306N2M/1194732416896499712/1280x1080/32768.mp4,vincent.sun,2026-03-30 11:01:09,event_collision_01_01_02_001,Collision Detected,Collision - Accident,Rear-End Collision,Active Collision (Own Liability)
